Family	scientificName	age	Latitude	Longitude	p_lng_MERDITH2021	p_lat_MERDITH2021	p_lng_PALEOMAP	p_lat_PALEOMAP	p_lng_MATTHEWS2016_pmag_ref	p_lat_MATTHEWS2016_pmag_ref	range_p_lat	max_dist
Hemiscylliidae	Acanthoscyllium sahelalmae	84.701	33.994	35.656	38.1599	12.818	31.071	15.3511	37.5763	12.6264	2.7247	815.153
Hemiscylliidae	Adnetoscyllium angloparisensis	82.1	49.79	3.64	12.7207	40.1312	5.5977	39.9615	11.592	39.5918	0.539400000000001	607.978
Hemiscylliidae	Adnetoscyllium angloparisensis	82.1	49.508	4.081	13.0949	39.8503	5.9537	39.6678	11.9722	39.3182	0.5321	612.125
Hemiscylliidae	Adnetoscyllium angloparisensis	82.1	50.882	-1.344	8.5354	41.2439	1.4911	41.2205	7.4077	40.6254	0.618499999999997	590.433
Hemiscylliidae	Adnetoscyllium angloparisensis	82.1	51.489	-2.504	7.5791	41.8643	0.575	41.8741	6.4407	41.2281	0.646000000000001	581.321
Hemiscylliidae	Adnetoscyllium angloparisensis	82.1	51.489	-2.504	7.5791	41.8643	0.575	41.8741	6.4407	41.2281	0.646000000000001	581.321
Hemiscylliidae	Adnetoscyllium angloparisensis	82.1	51.447	-1.345	8.5469	41.8088	1.5381	41.7844	7.4007	41.1904	0.618400000000001	582.375
Hemiscylliidae	Adnetoscyllium angloparisensis	84.701	49.797	3.508	13.306	40.5051	5.0904	39.9216	12.0118	39.7129	0.792200000000001	702.11
Hemiscylliidae	Adnetoscyllium angloparisensis	84.701	51.447	-1.345	9.2088	42.1586	1.1037	41.6798	7.9073	41.2804	0.8782	674.206
Hemiscylliidae	Adnetoscyllium angloparisensis	84.951	52.029	0.86	11.1413	42.7712	2.936	42.1966	9.776	41.9067	0.8645	677.381
Hemiscylliidae	Adnetoscyllium sp.	98.35	52.128	0.037	16.0327	43.9996	1.5957	40.9517	13.4595	42.5696	3.0479	1232.646
Hemiscylliidae	Adnetoscyllium sp.	92.15	49.597	4.325	16.8261	41.2999	5.0206	39.4789	14.9419	40.022	1.821	1021.697
Hemiscylliidae	Almascyllium cheikheliasi	84.701	33.994	35.656	38.1599	12.818	31.071	15.3511	37.5763	12.6264	2.7247	815.153
Hemiscylliidae	Almascyllium sp.	98.35	45.936	-0.69	15.6219	37.7971	1.2683	34.7469	13.461	36.3593	3.0502	1331.855
Orectolobiformes incert. fam.	Annea altucuspis	160.2	50.452	19.521	40.547	38.7343	26.3539	42.2636	40.3987	39.8476	3.5293	1263.541
Orectolobiformes incert. fam.	Annea altucuspis	164.601	51.907	10.522	32.4917	38.807	18.6403	42.4404	32.2476	39.0808	3.63339999999999	1237.756
Orectolobiformes incert. fam.	Annea altucuspis	164.601	50.452	19.521	39.8664	40.0099	26.4498	41.8265	39.6436	40.3188	1.8166	1146.821
Orectolobiformes incert. fam.	Annea carinata	169.3	51.164	10.448	32.1384	38.6445	18.9315	41.0561	31.932	38.0803	2.9758	1163.654
Orectolobiformes incert. fam.	Annea carinata	172.25	52.237	9.874	30.0608	39.9197	18.3769	41.5936	30.4013	40.1127	1.6739	1026.29
Orectolobiformes incert. fam.	Annea maubeugei	178.95	49.559	5.742	26.1795	37.3678	15.6027	38.1828	27.8247	40.2785	2.9107	1079.689
Orectolobiformes incert. fam.	Annea maubeugei	178.95	49.479	6.085	26.4716	37.4137	15.9004	38.1478	28.1304	40.3186	2.9049	1082.139
Orectolobiformes incert. fam.	Annea myriacuspis	164.601	51.752	-1.258	24.154	35.8097	8.9313	41.5091	23.9077	36.0383	5.6994	1465.469
Orectolobiformes incert. fam.	Annea sp.	98.35	52.128	0.037	16.0327	43.9996	1.5957	40.9517	13.4595	42.5696	3.0479	1232.646
Orectolobiformes incert. fam.	Annea sp.	105.351	51.079	1.179	20.8543	42.5466	5.7393	40.1366	21.4577	41.8087	2.41	1334.059
Orectolobiformes incert. fam.	Annea sp.	119.65	51.096	1.166	26.658	41.2279	11.9542	40.9307	30.1131	39.8609	1.367	1543.451
Brachaeluridae	Brachaelurid (gen. nov.) roklumensis	128.55	52.374	9.739	34.1612	40.838	18.805	42.9527	38.1033	38.3239	4.6288	1707.014
Brachaeluridae	Brachaelurid (gen. nov.) sp.	137.05	43.956	3.808	31.77	29.7353	13.2578	34.8367	35.3866	27.9645	6.8722	2232.304
Brachaeluridae	Brachaelurus sp.	35.951	31.167	36.942	35.1315	18.2547	31.6963	24.5121	34.2661	22.0797	6.2574	778.936
Brachaeluridae	Brachaelurus sp.	9.786	-27.102	-70.856	-69.9782	-29.1581	-68.374	-27.428	-68.7882	-29.6451	2.2171	249.038
Ginglymostomatidae	Cantioscyllium alhaulfi	128.55	40.601	-0.923	21.1372	28.6549	9.3253	30.8864	24.0747	27.1996	3.6868	1492.194
Ginglymostomatidae	Cantioscyllium bighornensis	74.25	43.233	-106.311	-66.711	49.9959	-76.2699	51.5103	-66.8219	48.5254	2.9849	753.378
Ginglymostomatidae	Cantioscyllium bighornensis	84.951	39.423	-111.714	-71	46.3082	-78.8999	44.6388	-70.5753	44.9782	1.6694	659.339
Ginglymostomatidae	Cantioscyllium bighornensis	88.05	39.423	-111.714	-69.9414	45.7489	-78.2051	43.489	-69.3309	44.2168	2.2599	717.731
Ginglymostomatidae	Cantioscyllium brachyplicatum	98.35	40.362	-0.449	14.1578	31.3647	1.6867	28.1134	12.3747	29.8786	3.2513	1258.237
Ginglymostomatidae	Cantioscyllium clementsi	77.85	34.628	-78.563	-42.2137	33.9505	-49.1547	35.5756	-42.663	32.8029	2.7727	672.601
Ginglymostomatidae	Cantioscyllium decipiens	97.201	34.171	35.75	40.3449	12.5519	30.016	12.7605	39.3102	12.1681	0.5924	1122.214
Ginglymostomatidae	Cantioscyllium decipiens	95.15	32.785	-96.901	-53.7601	35.7687	-63.0927	31.8059	-53.8213	33.4616	3.9628	969.054
Ginglymostomatidae	Cantioscyllium decipiens	97.201	33.046	-96.994	-52.7246	36.0031	-62.023	31.31	-52.8655	33.522	4.6931	1006.653
Ginglymostomatidae	Cantioscyllium decipiens	88.05	31.264	-98.546	-59.2234	35.0101	-67.1502	33.1251	-59.1114	33.3341	1.885	760.771
Ginglymostomatidae	Cantioscyllium decipiens	90.601	32.72	-96.784	-55.9374	35.7547	-64.3581	33.2529	-55.8332	33.8379	2.5018	821.263
Ginglymostomatidae	Cantioscyllium decipiens	92.15	41.737	-99.587	-54.7614	45.0132	-63.5391	42.0534	-54.5531	42.957	2.95979999999999	781.457
Ginglymostomatidae	Cantioscyllium decipiens	91.851	44.647	-100.349	-54.4175	47.9613	-63.149	45.0898	-54.1491	45.9252	2.8715	741.512
Ginglymostomatidae	Cantioscyllium decipiens	98.35	45.936	-0.69	15.6219	37.7971	1.2683	34.7469	13.461	36.3593	3.0502	1331.855
Ginglymostomatidae	Cantioscyllium decipiens	98.35	45.986	-1.097	15.2623	37.8404	0.9221	34.788	13.106	36.389	3.05240000000001	1330.083
Ginglymostomatidae	Cantioscyllium decipiens	98.35	45.658	-0.187	16.0736	37.528	1.7053	34.4807	13.9197	36.1077	3.0473	1337.307
Ginglymostomatidae	Cantioscyllium decipiens	98.35	45.715	0.205	16.417	37.5923	2.0351	34.5472	14.2527	36.1849	3.04510000000001	1337.389
Ginglymostomatidae	Cantioscyllium decipiens	98.35	45.961	-0.822	15.505	37.8199	1.1556	34.7689	13.3451	36.3777	3.05099999999999	1331.156
Ginglymostomatidae	Cantioscyllium decipiens	97.201	51.627	0.798	16.1473	43.4779	2.1061	40.7076	13.7107	42.0763	2.7703	1200.053
Ginglymostomatidae	Cantioscyllium decipiens	88.05	54.953	-5.928	6.4225	46.1627	-2.9444	45.1356	4.8338	44.8711	1.2916	738.582
Ginglymostomatidae	Cantioscyllium decipiens	92.15	49.597	4.325	16.8261	41.2999	5.0206	39.4789	14.9419	40.022	1.821	1021.697
Ginglymostomatidae	Cantioscyllium decipiens	92.15	50.324	3.741	16.2886	42.0129	4.5116	40.1979	14.3779	40.7184	1.815	1008.733
Ginglymostomatidae	Cantioscyllium decipiens	94.701	50.324	3.741	17.5217	42.1411	4.3462	39.9582	15.3589	40.8373	2.1829	1132.662
Ginglymostomatidae	Cantioscyllium decipiens	94.701	45.555	0.02	14.471	37.2992	1.357	35.128	12.6345	35.8991	2.1712	1202.506
Ginglymostomatidae	Cantioscyllium decipiens	94.701	50.93	13.459	25.8388	43.0786	12.3871	40.8947	23.4566	42.0658	2.1839	1139.455
Ginglymostomatidae	Cantioscyllium estesi	68.05	48.578	-114.152	-73.918	57.7672	-88.7463	57.0002	-73.5889	56.1349	1.6323	934.82
Ginglymostomatidae	Cantioscyllium estesi	68.3	43.032	-104.642	-67.12	50.0793	-79.6	49.7995	-67.1724	48.3988	1.6805	919.7
Ginglymostomatidae	Cantioscyllium estesi	68.3	41.791	-107.243	-70.6009	49.6404	-82.9577	49.1178	-70.5421	47.9737	1.6667	924.418
Ginglymostomatidae	Cantioscyllium estesi	74.25	37.5	-111.584	-75.2593	45.9572	-85.6968	47.1219	-75.1691	44.5178	2.6041	867.005
Ginglymostomatidae	Cantioscyllium estesi	77.85	37.288	-111.767	-74.2278	45.1241	-83.5504	46.0022	-74.1521	43.9435	2.0587	775.325
Ginglymostomatidae	Cantioscyllium hashimiaensis	84.701	31	35.717	37.6151	10.5208	29.9583	11.024	37.0927	10.3162	0.707799999999999	839.251
Ginglymostomatidae	Cantioscyllium lobatum	91.851	49.373	14.96	25.8857	41.4331	13.9966	39.5593	23.8584	40.4425	1.8738	1028.235
Ginglymostomatidae	Cantioscyllium markaguntensis	73.25	40.368	-107.544	-69.888	47.8166	-80.9202	48.8639	-69.9319	46.2804	2.5835	874.281
Ginglymostomatidae	Cantioscyllium markaguntensis	88.05	37.274	-111.669	-70.7072	43.6696	-80.0896	41.9367	-70.1423	42.1505	1.7329	823.455
Ginglymostomatidae	Cantioscyllium meyeri	68.05	33.427	-95.436	-62.5983	38.5294	-73.5399	38.6406	-62.8094	36.8539	1.7867	965.667
Ginglymostomatidae	Cantioscyllium meyeri	82.1	33.427	-95.436	-57.5327	37.0155	-64.7428	36.6672	-57.6487	35.7938	1.22170000000001	644.929
Ginglymostomatidae	Cantioscyllium nessovi	86.701	42.47	65.741	70.0156	38.4496	59.7541	36.8301	68.469	39.0115	2.1814	922.821
Ginglymostomatidae	Cantioscyllium nessovi	88.05	42.47	65.741	70.7228	38.7914	59.7263	37.1225	69.0179	39.351	2.2285	983.36
Ginglymostomatidae	Cantioscyllium sp.	77.85	49.477	-111.445	-67.1545	56.4828	-75.9294	57.4761	-67.1608	55.2776	2.1985	593.932
Ginglymostomatidae	Cantioscyllium sp.	77.85	49.817	-113.204	-68.8281	57.2416	-77.7231	58.1838	-68.7765	56.0406	2.1432	591.692
Ginglymostomatidae	Cantioscyllium sp.	98.35	32.832	-97.048	-52.2517	35.7846	-61.54	30.6784	-52.4402	33.2075	5.1062	1033.736
Ginglymostomatidae	Cantioscyllium sp.	69.05	34.831	-77.816	-44.4832	34.8127	-54.7188	36.1356	-45.1036	33.1623	2.97329999999999	940.637
Ginglymostomatidae	Cantioscyllium sp.	77.85	33.687	-80.436	-44.3419	33.5548	-51.3123	35.1385	-44.7597	32.3936	2.7449	678.877
Ginglymostomatidae	Cantioscyllium sp.	84.951	34.58	-105.996	-66.8605	40.3722	-74.2959	39.1248	-66.6441	38.9984	1.3738	662.225
Ginglymostomatidae	Cantioscyllium sp.	84.951	32.096	-88.687	-50.3351	33.8855	-57.9338	32.7863	-50.4878	32.4055	1.48	717.669
Ginglymostomatidae	Cantioscyllium sp.	88.05	34.58	-105.996	-65.7216	39.857	-73.4913	37.9721	-65.3768	38.2624	1.8849	712.081
Ginglymostomatidae	Cantioscyllium sp.	84.701	50.246	57.207	59.3619	44.4789	50.487	43.0229	57.6968	44.8123	1.7894	732.467
Ginglymostomatidae	Cantioscyllium sp.	98.35	45.936	-0.69	15.6219	37.7971	1.2683	34.7469	13.461	36.3593	3.0502	1331.855
Ginglymostomatidae	Cantioscyllium sp.	154.701	50.608	-2.114	26.3969	32.367	7.5819	41.6139	25.0642	34.6819	9.2469	1957.782
Ginglymostomatidae	Cantioscyllium sp.	68.05	32.239	-7.958	-0.7218	20.6141	-8.7036	24.4142	-1.5126	19.7612	4.653	922.465
Orectolobidae	Cederstroemia havreensis	74.25	50.476	4.006	12.2749	40.2354	6.6745	42.12	10.8519	39.837	2.28299999999999	514.287
Orectolobidae	Cederstroemia havreensis	82.1	49.993	1.877	11.2331	40.3345	4.127	40.217	10.1102	39.7667	0.567799999999998	604.348
Orectolobidae	Cederstroemia havreensis	82.1	49.993	1.877	11.2331	40.3345	4.127	40.217	10.1102	39.7667	0.567799999999998	604.348
Orectolobidae	Cederstroemia havreensis	82.1	49.508	4.081	13.0949	39.8503	5.9537	39.6678	11.9722	39.3182	0.5321	612.125
Orectolobidae	Cederstroemia havreensis	82.1	50.882	-1.344	8.5354	41.2439	1.4911	41.2205	7.4077	40.6254	0.618499999999997	590.433
Orectolobidae	Cederstroemia havreensis	82.1	50.879	-0.818	8.9766	41.2358	1.9311	41.1969	7.845	40.6255	0.610299999999995	590.686
Orectolobidae	Cederstroemia havreensis	84.701	51.545	-0.683	9.7664	42.2528	1.6611	41.7594	8.4537	41.3859	0.866900000000001	673.442
Orectolobidae	Cederstroemia nilsi	82.1	56.029	14.157	21.2148	46.521	14.4554	46.0489	19.7816	46.1474	0.472099999999998	523.384
Orectolobidae	Cederstroemia siverssoni	90.601	49.744	15.338	25.5635	41.7391	14.3683	39.9739	23.633	40.7462	1.7652	963.34
Orectolobidae	Cederstroemia siverssoni	91.851	49.373	14.96	25.8857	41.4331	13.9966	39.5593	23.8584	40.4425	1.8738	1028.235
Orectolobidae	Cederstroemia siverssoni	106.75	46.603	1.888	22.3943	37.9364	7.2179	35.7926	23.6644	37.2662	2.1438	1480.056
Orectolobidae	Cederstroemia siverssoni	111.6	48.637	4.947	27.2711	39.5433	12.1	38.1702	30.4803	38.6343	1.3731	1603.672
Orectolobidae	Cederstroemia siverssoni	98.35	45.715	0.205	16.417	37.5923	2.0351	34.5472	14.2527	36.1849	3.04510000000001	1337.389
Orectolobidae	Cederstroemia siverssoni	98.35	45.961	-0.822	15.505	37.8199	1.1556	34.7689	13.3451	36.3777	3.05099999999999	1331.156
Orectolobidae	Cederstroemia siverssoni	108.9	48.637	4.947	26.1183	39.7836	10.8943	38.0178	28.6994	39.0396	1.7658	1554.219
Orectolobidae	Cederstroemia siverssoni	92.15	49.597	4.325	16.8261	41.2999	5.0206	39.4789	14.9419	40.022	1.821	1021.697
Orectolobidae	Cederstroemia siverssoni	95.851	48.92	-1.445	13.6559	40.6876	0.1652	38.2429	11.5647	39.2316	2.4447	1190.946
Orectolobidae	Cederstroemia sp.	84.951	43.04	142.06	146.4013	52.2582	132.9295	49.3637	146.5011	53.7223	4.3586	1056.709
Orectolobidae	Cederstroemia sp.	74.25	51.288	45.443	46.8423	43.0002	41.8112	42.462	45.2997	43.4759	1.0139	416.275
Orectolobidae	Cederstroemia sp.	98.35	52.128	0.037	16.0327	43.9996	1.5957	40.9517	13.4595	42.5696	3.0479	1232.646
Orectolobidae	Cederstroemia sp.	104.05	49.446	32.063	46.983	42.6301	30.844	40.2924	46.4339	41.8944	2.3377	1370.882
Orectolobidae	Cederstroemia sp.	104.05	49.446	32.063	46.983	42.6301	30.844	40.2924	46.4339	41.8944	2.3377	1370.882
Orectolobidae	Cederstroemia sp.	104.05	49.446	32.063	46.983	42.6301	30.844	40.2924	46.4339	41.8944	2.3377	1370.882
Orectolobidae	Cederstroemia sp.	88.05	54.953	-5.928	6.4225	46.1627	-2.9444	45.1356	4.8338	44.8711	1.2916	738.582
Orectolobidae	Cederstroemia triangulata	74.25	43.233	-106.311	-66.711	49.9959	-76.2699	51.5103	-66.8219	48.5254	2.9849	753.378
Orectolobidae	Cederstroemia triangulata	77.85	47.279	-109.724	-66.784	54.0144	-75.3192	55.0221	-66.8167	52.8086	2.2135	610.081
Orectolobidae	Cederstroemia ziaensis	84.951	34.58	-105.996	-66.8605	40.3722	-74.2959	39.1248	-66.6441	38.9984	1.3738	662.225
Hemiscylliidae	Chiloscyllium broennimanni	69.05	10.747	-61.084	-37.1991	6.146	-45.1943	7.9043	-37.5353	4.577	3.3273	923.883
Hemiscylliidae	Chiloscyllium frequens	74.25	48.772	3.891	12.1607	38.5321	6.3686	40.4299	10.8084	38.1317	2.2982	540.905
Hemiscylliidae	Chiloscyllium frequens	74.25	53.423	8.467	15.9525	43.1854	10.7996	44.8177	14.3762	42.8769	1.9408	451.219
Hemiscylliidae	Chiloscyllium frequens	82.1	49.79	3.64	12.7207	40.1312	5.5977	39.9615	11.592	39.5918	0.539400000000001	607.978
Hemiscylliidae	Chiloscyllium frequens	82.1	49.79	3.64	12.7207	40.1312	5.5977	39.9615	11.592	39.5918	0.539400000000001	607.978
Hemiscylliidae	Chiloscyllium frequens	82.1	49.993	1.877	11.2331	40.3345	4.127	40.217	10.1102	39.7667	0.567799999999998	604.348
Hemiscylliidae	Chiloscyllium frequens	82.1	49.993	1.877	11.2331	40.3345	4.127	40.217	10.1102	39.7667	0.567799999999998	604.348
Hemiscylliidae	Chiloscyllium frequens	82.1	49.508	4.081	13.0949	39.8503	5.9537	39.6678	11.9722	39.3182	0.5321	612.125
Hemiscylliidae	Chiloscyllium frequens	82.1	50.882	-1.344	8.5354	41.2439	1.4911	41.2205	7.4077	40.6254	0.618499999999997	590.433
Hemiscylliidae	Chiloscyllium frequens	82.1	51.489	-2.504	7.5791	41.8643	0.575	41.8741	6.4407	41.2281	0.646000000000001	581.321
Hemiscylliidae	Chiloscyllium frequens	82.1	51.489	-2.504	7.5791	41.8643	0.575	41.8741	6.4407	41.2281	0.646000000000001	581.321
Hemiscylliidae	Chiloscyllium frequens	82.1	50.879	-0.818	8.9766	41.2358	1.9311	41.1969	7.845	40.6255	0.610299999999995	590.686
Hemiscylliidae	Chiloscyllium frequens	82.1	51.447	-1.345	8.5469	41.8088	1.5381	41.7844	7.4007	41.1904	0.618400000000001	582.375
Hemiscylliidae	Chiloscyllium frequens	84.701	49.797	3.508	13.306	40.5051	5.0904	39.9216	12.0118	39.7129	0.792200000000001	702.11
Hemiscylliidae	Chiloscyllium frequens	84.701	51.545	-0.683	9.7664	42.2528	1.6611	41.7594	8.4537	41.3859	0.866900000000001	673.442
Hemiscylliidae	Chiloscyllium frequens	84.701	51.545	-0.683	9.7664	42.2528	1.6611	41.7594	8.4537	41.3859	0.866900000000001	673.442
Hemiscylliidae	Chiloscyllium frequens	84.701	51.447	-1.345	9.2088	42.1586	1.1037	41.6798	7.9073	41.2804	0.8782	674.206
Hemiscylliidae	Chiloscyllium frequens	84.951	52.029	0.86	11.1413	42.7712	2.936	42.1966	9.776	41.9067	0.8645	677.381
Hemiscylliidae	Chiloscyllium gaemersi	74.25	51.98	7.312	15.0197	41.7368	9.6636	43.4367	13.515	41.4058	2.0309	478.374
Hemiscylliidae	Chiloscyllium grandis	84.951	33.659	-91.151	-52.2032	35.9782	-59.8126	34.8573	-52.3135	34.5043	1.4739	702.004
Hemiscylliidae	Chiloscyllium greeni	90.601	32.72	-96.784	-55.9374	35.7547	-64.3581	33.2529	-55.8332	33.8379	2.5018	821.263
Hemiscylliidae	Chiloscyllium greeni	90.601	35.487	-106.201	-64.6018	40.4457	-72.7163	37.9764	-64.1801	38.6512	2.4693	752.176
Hemiscylliidae	Chiloscyllium greeni	92.15	34.459	-107.548	-65.5809	39.6882	-75.8255	36.9643	-65.177	37.7848	2.7239	947.036
Hemiscylliidae	Chiloscyllium greeni	91.851	44.647	-100.349	-54.4175	47.9613	-63.149	45.0898	-54.1491	45.9252	2.8715	741.512
Hemiscylliidae	Chiloscyllium humboldti	91.851	49.373	14.96	25.8857	41.4331	13.9966	39.5593	23.8584	40.4425	1.8738	1028.235
Hemiscylliidae	Chiloscyllium meraense	51.9	32.239	-7.958	-2.8819	20.4402	-9.5335	26.6198	-3.895	19.7539	6.8659	963.848
Hemiscylliidae	Chiloscyllium meraense	51.9	32.905	-6.925	-1.8304	20.9235	-8.4406	27.1207	-2.8682	20.2739	6.8468	960.516
Hemiscylliidae	Chiloscyllium meraense	51.9	32.905	-6.925	-1.8304	20.9235	-8.4406	27.1207	-2.8682	20.2739	6.8468	960.516
Hemiscylliidae	Chiloscyllium meraense	51.9	32.905	-6.925	-1.8304	20.9235	-8.4406	27.1207	-2.8682	20.2739	6.8468	960.516
Hemiscylliidae	Chiloscyllium mereretiae	94.701	28.357	28.863	33.279	9.9816	23.3341	8.8758	32.4572	9.2811	1.1058	1098.975
Hemiscylliidae	Chiloscyllium minutum	60.4	50.703	4.991	9.8807	39.9468	2.6117	44.7853	8.824	39.111	5.6743	813.452
Hemiscylliidae	Chiloscyllium minutum	60.4	50.703	4.991	9.8807	39.9468	2.6117	44.7853	8.824	39.111	5.6743	813.452
Hemiscylliidae	Chiloscyllium missouriense	74.25	37.5	-111.584	-75.2593	45.9572	-85.6968	47.1219	-75.1691	44.5178	2.6041	867.005
Hemiscylliidae	Chiloscyllium missouriense	77.85	47.279	-109.724	-66.784	54.0144	-75.3192	55.0221	-66.8167	52.8086	2.2135	610.081
Hemiscylliidae	Chiloscyllium missouriense	77.85	37.288	-111.767	-74.2278	45.1241	-83.5504	46.0022	-74.1521	43.9435	2.0587	775.325
Hemiscylliidae	Chiloscyllium salvani	57.6	32.905	-6.925	-1.2503	20.7552	-8.2576	26.2902	-1.9076	19.8485	6.4417	965.175
Hemiscylliidae	Chiloscyllium sp.	35.951	29.264	30.023	29.4164	17.804	26.0236	24.5596	28.4349	21.4402	6.7556	826.677
Hemiscylliidae	Chiloscyllium sp.	35.951	29.471	30.624	29.9606	18.0253	26.6078	24.7473	28.9823	21.681	6.722	821.36
Hemiscylliidae	Chiloscyllium sp.	98.35	45.936	-0.69	15.6219	37.7971	1.2683	34.7469	13.461	36.3593	3.0502	1331.855
Hemiscylliidae	Chiloscyllium sp.	98.35	45.986	-1.097	15.2623	37.8404	0.9221	34.788	13.106	36.389	3.05240000000001	1330.083
Hemiscylliidae	Chiloscyllium sp.	98.35	45.658	-0.187	16.0736	37.528	1.7053	34.4807	13.9197	36.1077	3.0473	1337.307
Hemiscylliidae	Chiloscyllium sp.	98.35	45.715	0.205	16.417	37.5923	2.0351	34.5472	14.2527	36.1849	3.04510000000001	1337.389
Hemiscylliidae	Chiloscyllium sp.	97.201	52.052	8.399	22.6203	44.1072	8.2936	41.3763	19.9962	42.9485	2.7309	1209.934
Hemiscylliidae	Chiloscyllium sp.	19.501	-0.773	-47.177	-41.1947	-6.0694	-43.1718	-0.7469	-41.1119	-5.7958	5.3225	628.199
Hemiscylliidae	Chiloscyllium sp.	10	4.817	114.702	114.6293	7.153	115.203	4.7958	114.8742	7.4879	2.6921	299.928
Hemiscylliidae	Chiloscyllium sp.	68.05	43.672	-79.393	-42.1549	43.449	-53.5321	44.9752	-42.8927	41.8545	3.1207	927.916
Hemiscylliidae	Chiloscyllium sp.	31	21	57.004	53.1507	10.4553	50.3054	13.7256	52.9996	12.9408	3.2703	476.233
Hemiscylliidae	Chiloscyllium sp.	68.05	14.559	-17.114	-14.113	5.9996	-21.5826	9.1995	-14.4879	4.8399	4.3596	920.124
Hemiscylliidae	Chiloscyllium sp.	56.531	6.591	1.5	1.5059	-6.5221	-4.8964	-0.8164	1.4483	-7.3023	6.4859	1005.099
Hemiscylliidae	Chiloscyllium sp.	56.531	6.591	1.5	1.5059	-6.5221	-4.8964	-0.8164	1.4483	-7.3023	6.4859	1005.099
Hemiscylliidae	Chiloscyllium sp.	97.201	33.046	-96.994	-52.7246	36.0031	-62.023	31.31	-52.8655	33.522	4.6931	1006.653
Brachaeluridae	Chiloscyllium sp.	68.05	40.065	-74.523	-39.5354	38.7315	-50.2866	40.4509	-40.2564	37.1625	3.2884	943.899
Hemiscylliidae	Chiloscyllium sp.	68.05	40.065	-74.523	-39.5354	38.7315	-50.2866	40.4509	-40.2564	37.1625	3.2884	943.899
Hemiscylliidae	Chiloscyllium sp.	68.05	48.578	-114.152	-73.918	57.7672	-88.7463	57.0002	-73.5889	56.1349	1.6323	934.82
Hemiscylliidae	Chiloscyllium sp.	68.05	47.678	-106.235	-65.888	54.7858	-79.3471	54.5703	-65.9324	53.1165	1.6693	896.232
Brachaeluridae	Chiloscyllium sp.	71.1	40.471	-74.012	-37.6765	38.9161	-47.3276	40.8448	-38.5192	37.3797	3.4651	852.872
Hemiscylliidae	Chiloscyllium sp.	73.25	40.368	-107.544	-69.888	47.8166	-80.9202	48.8639	-69.9319	46.2804	2.5835	874.281
Hemiscylliidae	Chiloscyllium sp.	79.201	32.75	-86.75	-50.2645	34.1605	-57.2455	35.1466	-50.5714	33.0636	2.083	657.566
Hemiscylliidae	Chiloscyllium sp.	84.951	34.58	-105.996	-66.8605	40.3722	-74.2959	39.1248	-66.6441	38.9984	1.3738	662.225
Hemiscylliidae	Chiloscyllium sp.	84.951	33.659	-91.151	-52.2032	35.9782	-59.8126	34.8573	-52.3135	34.5043	1.4739	702.004
Hemiscylliidae	Chiloscyllium sp.	88.05	31.264	-98.546	-59.2234	35.0101	-67.1502	33.1251	-59.1114	33.3341	1.885	760.771
Hemiscylliidae	Chiloscyllium sp.	92.15	41.737	-99.587	-54.7614	45.0132	-63.5391	42.0534	-54.5531	42.957	2.95979999999999	781.457
Hemiscylliidae	Chiloscyllium sp.	91.851	32.785	-96.901	-55.4162	35.8236	-64.116	32.9527	-55.3526	33.7998	2.8709	860.694
Hemiscylliidae	Chiloscyllium sp.	95.851	38.276	-104.712	-59.5107	42.6963	-68.4171	38.5298	-59.2784	40.3984	4.1665	883.659
Hemiscylliidae	Chiloscyllium sp.	44.4	30.632	31.939	31.8028	16.2546	27.1698	23.1819	30.6959	19.359	6.9273	907.503
Hemiscylliidae	Chiloscyllium sp.	56.32	34.714	7.959	11.9513	20.3365	5.6803	26.0949	11.16	19.83	6.2649	904.502
Hemiscylliidae	Chiloscyllium sp.	71.1	34.64	39.049	40.1941	13.9853	33.5463	17.4539	39.5123	14.3861	3.4686	809.185
Hemiscylliidae	Chiloscyllium sp.	71.1	34.64	39.049	40.1941	13.9853	33.5463	17.4539	39.5123	14.3861	3.4686	809.185
Hemiscylliidae	Chiloscyllium sp.	98.35	52.128	0.037	16.0327	43.9996	1.5957	40.9517	13.4595	42.5696	3.0479	1232.646
Hemiscylliidae	Chiloscyllium sp.	104.05	49.446	32.063	46.983	42.6301	30.844	40.2924	46.4339	41.8944	2.3377	1370.882
Hemiscylliidae	Chiloscyllium sp.	119.65	51.096	1.166	26.658	41.2279	11.9542	40.9307	30.1131	39.8609	1.367	1543.451
Hemiscylliidae	Chiloscyllium sp.	44.4	31.294	-8.073	-3.9551	19.7259	-10.4174	27.1474	-5.6802	20.7848	7.4215	1053.88
Hemiscylliidae	Chiloscyllium sp.	49.15	49.54	3.414	6.8207	39.2414	0.605	45.51	4.4379	39.3082	6.2686	863.659
Hemiscylliidae	Chiloscyllium sp.	68.05	42.4	-2.35	6.1857	31.348	-2.3674	34.5085	5.004	30.6696	3.8389	872.97
Hemiscylliidae	Chiloscyllium sp.	71.1	32.239	-7.958	-0.3096	20.739	-7.6328	24.115	-1.1362	19.9658	4.1492	841.31
Hemiscylliidae	Chiloscyllium sp.	71.1	32.239	-7.958	-0.3096	20.739	-7.6328	24.115	-1.1362	19.9658	4.1492	841.31
Hemiscylliidae	Chiloscyllium sp.	74.25	51.98	7.312	15.0197	41.7368	9.6636	43.4367	13.515	41.4058	2.0309	478.374
Hemiscylliidae	Chiloscyllium sp.	77.85	31.173	-7.336	0.381	19.8107	-5.4886	21.6764	-0.1888	19.228	2.4484	645.188
Hemiscylliidae	Chiloscyllium sp.	84.951	52.148	7.339	16.5686	42.9364	8.3121	42.226	15.125	42.1895	0.746899999999997	682.094
Hemiscylliidae	Chiloscyllium sp.	88.05	50.49	3.963	14.7851	41.747	5.0763	40.5377	13.221	40.6505	1.2093	825.616
Hemiscylliidae	Chiloscyllium sp.	88.05	54.953	-5.928	6.4225	46.1627	-2.9444	45.1356	4.8338	44.8711	1.2916	738.582
Hemiscylliidae	Chiloscyllium sp.	91.851	39.326	-4.838	7.7702	30.7607	-2.7813	28.8178	6.515	29.2437	1.9429	1042.26
Hemiscylliidae	Chiloscyllium sp.	94.701	50.866	0.028	14.3098	42.6088	1.2431	40.4383	12.1896	41.1987	2.1705	1115.717
Hemiscylliidae	Chiloscyllium vulloi	92.15	49.597	4.325	16.8261	41.2999	5.0206	39.4789	14.9419	40.022	1.821	1021.697
Hemiscylliidae	Chiloscyllium vulloi	92.15	50.324	3.741	16.2886	42.0129	4.5116	40.1979	14.3779	40.7184	1.815	1008.733
Hemiscylliidae	Chiloscyllium vulloi	94.701	50.324	3.741	17.5217	42.1411	4.3462	39.9582	15.3589	40.8373	2.1829	1132.662
Hemiscylliidae	Coelometlaouia pannucea	41.75	-64.239	-56.603	-71.2019	-66.3745	-60.1813	-63.8269	-62.1671	-69.5081	5.6812	639.517
Hemiscylliidae	Coelometlaouia pannucea	51.75	-64.239	-56.603	-69.0798	-65.4286	-63.4776	-63.4497	-68.8343	-67.5697	4.12	521.562
Orectolobidae	Cretorectolobus doylei	128.55	54.154	-0.24	25.9914	41.9195	10.4817	44.572	30.3759	40.0138	4.5582	1711.987
Orectolobidae	Cretorectolobus doylei	132.75	54.154	-0.24	26.5145	40.807	9.8019	44.7521	31.1931	39.0322	5.7199	1878.785
Orectolobidae	Cretorectolobus gracilis	111.6	54.154	-0.24	22.6446	44.9436	7.7471	43.6537	26.5077	44.2934	1.2899	1503.778
Orectolobidae	Cretorectolobus gracilis	104.05	52.939	0.49	19.4727	44.5222	4.3897	41.8575	19.2715	43.6726	2.6647	1259.312
Orectolobidae	Cretorectolobus gracilis	104.05	54.154	-0.24	18.8122	45.7251	3.7554	43.0597	18.6191	44.8752	2.6654	1233.628
Orectolobidae	Cretorectolobus olsoni	69.05	49.189	-113.201	-71.9756	58.0767	-85.7674	57.3804	-71.7992	56.3691	1.7076	857.584
Orectolobidae	Cretorectolobus olsoni	74.25	49.664	-112.873	-69.633	57.6608	-80.4001	59.0079	-69.5933	56.1972	2.8107	716.83
Orectolobidae	Cretorectolobus olsoni	77.85	49.477	-111.445	-67.1545	56.4828	-75.9294	57.4761	-67.1608	55.2776	2.1985	593.932
Orectolobidae	Cretorectolobus olsoni	68.05	33.296	-94.113	-61.3307	38.0313	-72.2167	38.2355	-61.5705	36.3549	1.8806	966.157
Orectolobidae	Cretorectolobus olsoni	68.3	41.791	-107.243	-70.6009	49.6404	-82.9577	49.1178	-70.5421	47.9737	1.6667	924.418
Orectolobidae	Cretorectolobus olsoni	69.05	47.62	-100.541	-59.5939	53.1413	-72.493	53.3397	-59.9632	51.4118	1.9279	878.58
Orectolobidae	Cretorectolobus olsoni	69.05	47.375	-109.639	-69.3662	55.4568	-82.6307	54.9596	-69.3382	53.7382	1.7186	873.611
Orectolobidae	Cretorectolobus olsoni	71.1	38.725	-105.608	-69.3904	46.1458	-80.2497	46.1162	-69.4828	44.4499	1.6959	864.074
Orectolobidae	Cretorectolobus olsoni	74.25	43.233	-106.311	-66.711	49.9959	-76.2699	51.5103	-66.8219	48.5254	2.9849	753.378
Orectolobidae	Cretorectolobus olsoni	77.85	47.279	-109.724	-66.784	54.0144	-75.3192	55.0221	-66.8167	52.8086	2.2135	610.081
Orectolobidae	Cretorectolobus olsoni	77.85	47.279	-109.724	-66.784	54.0144	-75.3192	55.0221	-66.8167	52.8086	2.2135	610.081
Orectolobidae	Cretorectolobus olsoni	77.85	29.956	-104.404	-69.384	36.3023	-76.8516	37.249	-69.452	35.1031	2.1459	706.746
Orectolobidae	Cretorectolobus robustus	95.05	53.529	-102.152	-49.9305	56.6877	-59.5258	52.7597	-49.7878	54.3554	3.928	756.168
Orectolobidae	Cretorectolobus sp.	98.35	32.832	-97.048	-52.2517	35.7846	-61.54	30.6784	-52.4402	33.2075	5.1062	1033.736
Orectolobidae	Cretorectolobus sp.	71.1	40.471	-74.012	-37.6765	38.9161	-47.3276	40.8448	-38.5192	37.3797	3.4651	852.872
Orectolobidae	Cretorectolobus sp.	95.851	38.276	-104.712	-59.5107	42.6963	-68.4171	38.5298	-59.2784	40.3984	4.1665	883.659
Ginglymostomatidae	Delpitoscyllium africanum	63.8	31.393	-9.413	-2.9409	19.914	-10.9616	24.3642	-3.5517	18.932	5.4322	974.356
Ginglymostomatidae	Delpitoscyllium africanum	58.811	-5.14	12.08	10.3389	-19.8616	3.7244	-14.3409	10.5736	-20.5964	6.2555	1003.916
Ginglymostomatidae	Delpitoscyllium africanum	60.4	-5.14	12.08	10.2441	-19.9565	3.562	-14.6118	10.4397	-20.7741	6.1623	998.399
Ginglymostomatidae	Delpitoscyllium africanum	60.4	-2.981	23.822	22.8587	-19.1753	15.8286	-13.896	23.0896	-19.742	5.846	1008.369
Ginglymostomatidae	Delpitoscyllium africanum	52.85	38.421	-77.457	-50.2902	35.8227	-60.8887	38.984	-51.0685	33.9483	5.0357	1041.631
Ginglymostomatidae	Delpitoscyllium africanum	57.6	31.167	36.942	36.5179	13.0773	30.3915	17.9847	35.9536	13.0922	4.9074	852.345
Ginglymostomatidae	Delpitoscyllium africanum	57.6	50.533	3.174	7.8447	39.863	0.998	45.2548	6.5427	39.1487	6.1061	820.9
Ginglymostomatidae	Delpitoscyllium africanum	57.6	32.905	-6.925	-1.2503	20.7552	-8.2576	26.2902	-1.9076	19.8485	6.4417	965.175
Ginglymostomatidae	Delpitoscyllium africanum	60.4	31.173	-7.336	-1.7187	19.0912	-9.0481	24.2545	-2.2038	18.0673	6.1872	986.809
Ginglymostomatidae	Delpitoscyllium planum	63.8	55.252	12.114	16.5958	44.568	8.8193	48.5246	15.0514	43.9962	4.5284	740.459
Ginglymostomatidae	Delpitoscyllium planum	63.8	55.819	12.313	16.7244	45.1389	8.9882	49.0919	15.1522	44.5698	4.5221	732.763
Orectolobiformes incert. fam.	Dorsetoscyllium terraefullonicum	167.201	51.2	-2.3	23.2992	35.2374	8.3321	40.4264	23.1146	35.0217	5.4047	1435.512
Orectolobidae	Eometlaouia delpiti	57.6	32.905	-6.925	-1.2503	20.7552	-8.2576	26.2902	-1.9076	19.8485	6.4417	965.175
Orectolobidae	Eometlaouia numidica	51.9	32.905	-6.925	-1.8304	20.9235	-8.4406	27.1207	-2.8682	20.2739	6.8468	960.516
Orectolobidae	Eometlaouia numidica	51.9	34.316	8.402	11.8588	20.2371	5.9215	26.4648	10.8034	20.0867	6.3781	918.525
Brachaeluridae	Eostegostoma angustum	39.501	50.64	4.667	6.3053	40.5912	0.521	48.6728	1.9467	43.6646	8.0816	1007.831
Brachaeluridae	Eostegostoma angustum	51.9	51.015	3.259	7.0444	40.6023	0.6729	46.5846	4.9767	40.2552	6.3294	839.921
Brachaeluridae	Eostegostoma angustum	51.9	51.012	3.24	7.0288	40.599	0.6556	46.5815	4.9614	40.2513	6.3302	840.039
Brachaeluridae	Eostegostoma angustum	51.9	50.64	4.667	8.2278	40.2558	1.9678	46.2181	6.1749	39.9525	6.2656	834.474
Brachaeluridae	Eostegostoma angustum	51.9	42.349	66.145	63.0251	38.0309	60.3532	40.4927	61.5792	39.5899	2.4618	357.557
Brachaeluridae	Eostegostoma angustum	51.9	42.349	66.145	63.0251	38.0309	60.3532	40.4927	61.5792	39.5899	2.4618	357.557
Brachaeluridae	Eostegostoma angustum	44.4	37.123	-78.493	-55.997	34.0046	-66.8743	37.2379	-58.3575	31.6259	5.612	1047.89
Brachaeluridae	Eostegostoma angustum	42.9	42	64	59.8559	37.349	59.0359	41.5129	59.1453	41.8172	4.4682	499.826
Brachaeluridae	Eostegostoma angustum	42.9	42	64	59.8559	37.349	59.0359	41.5129	59.1453	41.8172	4.4682	499.826
Brachaeluridae	Eostegostoma angustum	49.15	42.349	66.145	62.665	38.0416	60.4738	40.7725	61.2643	40.2036	2.7309	357.1
Brachaeluridae	Eostegostoma angustum	44.4	50.966	3.986	6.519	40.7434	0.5788	47.9649	3.0171	42.4242	7.2215	931.111
Brachaeluridae	Eostegostoma angustum	44.4	52.243	5.634	7.8265	42.0535	2.0773	49.2676	4.205	43.8121	7.2141	917.864
Brachaeluridae	Eostegostoma angustum	44.4	50.762	-0.859	2.4971	40.4803	-3.969	47.6977	-1.0572	41.9033	7.2174	953.835
Brachaeluridae	Eostegostoma sp.	63.8	31.393	-9.413	-2.9409	19.914	-10.9616	24.3642	-3.5517	18.932	5.4322	974.356
Brachaeluridae	Eostegostoma sp.	35.951	29.264	30.023	29.4164	17.804	26.0236	24.5596	28.4349	21.4402	6.7556	826.677
Stegostomatidae	Eostegostoma sp.	31	31.47	-87.561	-73.6304	29.4372	-81.1145	31.7034	-74.8045	27.8466	3.8568	760.422
Brachaeluridae	Eostegostoma sp.	44.4	47.893	13.724	13.5499	35.1888	12.2354	41.5036	10.7819	37.3176	6.3148	710.293
Brachaeluridae	Eostegostoma sp.	42.9	26.254	29.268	29.2905	12.1003	24.4454	19.471	28.2997	15.706	7.3707	966.582
Brachaeluridae	Eostegostoma sp.	57.6	31.167	36.942	36.5179	13.0773	30.3915	17.9847	35.9536	13.0922	4.9074	852.345
Brachaeluridae	Eostegostoma sp.	57.6	33.844	9.4	13.1847	19.1975	6.7956	24.8269	12.4956	18.6163	6.2106	907.292
Brachaeluridae	Eostegostoma sp.	44.4	43.688	-1.137	2.3358	33.4049	-4.0729	40.6216	-0.4837	34.8411	7.2167	982.571
Brachaeluridae	Eostegostoma sp.	44.4	45.338	-0.473	2.8908	35.0591	-3.4756	42.2788	-0.0804	36.5261	7.2197	973.653
Brachaeluridae	Eostegostoma sp.	57.6	32.905	-6.925	-1.2503	20.7552	-8.2576	26.2902	-1.9076	19.8485	6.4417	965.175
Brachaeluridae	Eostegostoma templeuvensis	57.6	50.533	3.174	7.8447	39.863	0.998	45.2548	6.5427	39.1487	6.1061	820.9
Orectolobiformes incert. fam.	Folipistrix digitulus	172.25	48.19	8.766	31.6539	36.0076	18.3936	37.4851	31.9666	36.1926	1.47750000000001	1218.085
Orectolobiformes incert. fam.	Folipistrix digitulus	178.95	49.479	6.085	26.4716	37.4137	15.9004	38.1478	28.1304	40.3186	2.9049	1082.139
Ginglymostomatidae	Ganntouria variabilis	68.05	32.239	-7.958	-0.7218	20.6141	-8.7036	24.4142	-1.5126	19.7612	4.653	922.465
Ginglymostomatidae	Ganntouria variabilis	68.05	32.239	-7.958	-0.7218	20.6141	-8.7036	24.4142	-1.5126	19.7612	4.653	922.465
Ginglymostomatidae	Ganntouria variabilis	68.05	31.393	-9.413	-2.2402	20.1469	-10.2404	23.8869	-3.0089	19.2563	4.6306	923.742
Orectolobiformes incert. fam.	Garrigascyllium aganticensis	137.05	43.956	3.808	31.77	29.7353	13.2578	34.8367	35.3866	27.9645	6.8722	2232.304
Ginglymostomatidae	Ginglymostoma angolense	51.9	31.173	-7.336	-2.5511	19.2915	-9.1633	25.4771	-3.5202	18.6177	6.8594	965.455
Ginglymostomatidae	Ginglymostoma angolense	44.4	-5.056	12.321	11.3423	-18.6778	5.4743	-11.092	12.095	-16.5756	7.5858	1050.01
Ginglymostomatidae	Ginglymostoma angolense	44.4	-5.14	12.08	11.0824	-18.7417	5.2229	-11.154	11.8427	-16.6544	7.5877	1049.522
Ginglymostomatidae	Ginglymostoma angolense	44.4	11.815	-15.235	-14.0216	1.6642	-20.0374	8.6987	-14.4658	2.083	7.0345	1024.403
Ginglymostomatidae	Ginglymostoma angolense	51.9	27.146	70.426	67.1095	0.4281	62.9455	2.2753	66.8066	2.1002	1.8472	506.405
Ginglymostomatidae	Ginglymostoma angolense	44.4	8.78	1.02	1.3317	-3.7584	-4.4233	3.7868	1.2116	-2.3004	7.5452	1051.627
Ginglymostomatidae	Ginglymostoma angolense	44.4	31.294	-8.073	-3.9551	19.7259	-10.4174	27.1474	-5.6802	20.7848	7.4215	1053.88
Ginglymostomatidae	Ginglymostoma botmaense	68.05	32.239	-7.958	-0.7218	20.6141	-8.7036	24.4142	-1.5126	19.7612	4.653	922.465
Ginglymostomatidae	Ginglymostoma botmaense	68.05	32.239	-7.958	-0.7218	20.6141	-8.7036	24.4142	-1.5126	19.7612	4.653	922.465
Ginglymostomatidae	Ginglymostoma botmaense	68.05	32.239	-7.958	-0.7218	20.6141	-8.7036	24.4142	-1.5126	19.7612	4.653	922.465
Ginglymostomatidae	Ginglymostoma botmaense	68.05	32.239	-7.958	-0.7218	20.6141	-8.7036	24.4142	-1.5126	19.7612	4.653	922.465
Ginglymostomatidae	Ginglymostoma botmaense	68.05	31.393	-9.413	-2.2402	20.1469	-10.2404	23.8869	-3.0089	19.2563	4.6306	923.742
Ginglymostomatidae	Ginglymostoma botmaense	69.05	32.905	-6.925	0.5424	21.0511	-7.3541	24.7333	-0.304	20.2517	4.4816	906.763
Ginglymostomatidae	Ginglymostoma botmaense	71.1	32.239	-7.958	-0.3096	20.739	-7.6328	24.115	-1.1362	19.9658	4.1492	841.31
Ginglymostomatidae	Ginglymostoma chenanei	57.6	32.905	-6.925	-1.2503	20.7552	-8.2576	26.2902	-1.9076	19.8485	6.4417	965.175
Ginglymostomatidae	Ginglymostoma cirratum	0.069	31.966	-81.072	-81.031	31.9621	-81.0574	31.9676	-81.04	31.9557	0.0119000000000007	2.569
Ginglymostomatidae	Ginglymostoma cuspidata	68.05	40.065	-74.523	-39.5354	38.7315	-50.2866	40.4509	-40.2564	37.1625	3.2884	943.899
Ginglymostomatidae	Ginglymostoma dartevellei	60.4	-5.14	12.08	10.2441	-19.9565	3.562	-14.6118	10.4397	-20.7741	6.1623	998.399
Ginglymostomatidae	Ginglymostoma delfortriei	19.501	46.603	-0.596	-1.6772	40.7929	-2.3661	46.6071	-2.3574	41.7408	5.8142	648.37
Ginglymostomatidae	Ginglymostoma delfortriei	19.501	37.292	-8.865	-8.9383	31.2104	-10.4228	37.1971	-9.4969	32.0592	5.9867	678
Ginglymostomatidae	Ginglymostoma delfortriei	14.182	41.321	1.723	1.257	36.1139	0.5097	41.4673	0.4717	37.6321	5.3534	597.818
Ginglymostomatidae	Ginglymostoma delfortriei	14.896	43.449	3.615	2.8597	38.2473	2.3102	43.5986	2.0828	39.7198	5.35129999999999	596.071
Ginglymostomatidae	Ginglymostoma delfortriei	14.896	43.29	3.128	2.4162	38.077	1.825	43.4349	1.6346	39.5423	5.3579	597.077
Ginglymostomatidae	Ginglymostoma delfortriei	13.796	47.005	17.455	13.5298	41.7503	17.044	46.4158	12.8841	43.4869	4.66549999999999	589.733
Ginglymostomatidae	Ginglymostoma delfortriei	13.796	39.662	-8.135	-7.8512	34.3829	-9.3056	39.7239	-8.77	35.7593	5.341	606.664
Ginglymostomatidae	Ginglymostoma delfortriei	14.896	47.594	14.125	10.141	41.7734	13.723	46.9809	9.4445	43.3491	5.2075	645.063
Ginglymostomatidae	Ginglymostoma delfortriei	7.104	10.04	-83.545	-82.1315	9.4838	-82.3669	9.8735	-82.3916	8.7844	1.0891	120.489
Ginglymostomatidae	Ginglymostoma delfortriei	19.501	11.815	-15.235	-14.936	5.4727	-16.7583	11.6093	-15.0692	6.232	6.1366	707.708
Ginglymostomatidae	Ginglymostoma delfortriei	14.182	11.815	-15.235	-14.9178	6.2719	-16.2744	11.718	-15.1276	7.4622	5.4461	620.532
Ginglymostomatidae	Ginglymostoma delfortriei	3.961	27.918	-82.349	-80.2032	27.6864	-81.5298	28.0092	-80.644	27.3228	0.686399999999999	135.477
Ginglymostomatidae	Ginglymostoma delfortriei	18.206	44.729	-0.6	-1.4385	39.0681	-2.2146	44.7634	-2.1473	40.1455	5.6953	635.846
Ginglymostomatidae	Ginglymostoma delfortriei	18.206	48.173	9.864	7.8727	42.8578	8.1834	48.3262	7.2429	44.0521	5.4684	608.258
Ginglymostomatidae	Ginglymostoma erramii	68.05	32.239	-7.958	-0.7218	20.6141	-8.7036	24.4142	-1.5126	19.7612	4.653	922.465
Ginglymostomatidae	Ginglymostoma khouribgaense	62.6	32.239	-7.958	-1.6396	20.3606	-9.4147	25.0952	-2.2253	19.3803	5.7149	974.164
Ginglymostomatidae	Ginglymostoma khouribgaense	63.8	31.393	-9.413	-2.9409	19.914	-10.9616	24.3642	-3.5517	18.932	5.4322	974.356
Ginglymostomatidae	Ginglymostoma khouribgaense	56.32	34.714	7.959	11.9513	20.3365	5.6803	26.0949	11.16	19.83	6.2649	904.502
Ginglymostomatidae	Ginglymostoma khouribgaense	57.6	32.239	-7.958	-2.3121	20.2944	-9.3531	25.8079	-2.9523	19.3659	6.442	970.252
Ginglymostomatidae	Ginglymostoma khouribgaense	57.6	32.905	-6.925	-1.2503	20.7552	-8.2576	26.2902	-1.9076	19.8485	6.4417	965.175
Ginglymostomatidae	Ginglymostoma maghrebianum	51.9	34.316	8.402	11.8588	20.2371	5.9215	26.4648	10.8034	20.0867	6.3781	918.525
Ginglymostomatidae	Ginglymostoma maroccanum	51.9	32.905	-6.925	-1.8304	20.9235	-8.4406	27.1207	-2.8682	20.2739	6.8468	960.516
Ginglymostomatidae	Ginglymostoma maroccanum	51.9	32.905	-6.925	-1.8304	20.9235	-8.4406	27.1207	-2.8682	20.2739	6.8468	960.516
Ginglymostomatidae	Ginglymostoma maroccanum	48.65	33.733	-86.588	-62.8192	32.7827	-73.4042	35.1177	-63.8409	30.3872	4.7305	1037.709
Ginglymostomatidae	Ginglymostoma maroccanum	52.85	38.421	-77.457	-50.2902	35.8227	-60.8887	38.984	-51.0685	33.9483	5.0357	1041.631
Ginglymostomatidae	Ginglymostoma pectinatum	68.05	32.239	-7.958	-0.7218	20.6141	-8.7036	24.4142	-1.5126	19.7612	4.653	922.465
Ginglymostomatidae	Ginglymostoma pectinatum	68.05	32.239	-7.958	-0.7218	20.6141	-8.7036	24.4142	-1.5126	19.7612	4.653	922.465
Ginglymostomatidae	Ginglymostoma pectinatum	68.05	32.239	-7.958	-0.7218	20.6141	-8.7036	24.4142	-1.5126	19.7612	4.653	922.465
Ginglymostomatidae	Ginglymostoma pectinatum	68.05	31.393	-9.413	-2.2402	20.1469	-10.2404	23.8869	-3.0089	19.2563	4.6306	923.742
Ginglymostomatidae	Ginglymostoma pectinatum	69.05	32.905	-6.925	0.5424	21.0511	-7.3541	24.7333	-0.304	20.2517	4.4816	906.763
Ginglymostomatidae	Ginglymostoma serra	18.206	-5.056	12.321	12.4787	-11.4193	10.5359	-5.8253	12.5365	-10.1758	5.594	654.581
Ginglymostomatidae	Ginglymostoma serra	19.501	-0.773	-47.177	-41.1947	-6.0694	-43.1718	-0.7469	-41.1119	-5.7958	5.3225	628.199
Ginglymostomatidae	Ginglymostoma serra	12.81	32.788	-79.94	-73.0333	31.2909	-77.232	33.0151	-74.2095	30.7081	2.307	439.768
Ginglymostomatidae	Ginglymostoma sokotoense	57.6	24.351	74.91	68.8778	-10.4234	63.7822	-8.473	68.8829	-9.6028	1.9504	599.704
Ginglymostomatidae	Ginglymostoma sokotoense	57.6	16.158	5.328	6.7704	2.2612	0.2119	7.8948	6.5108	1.5343	6.3605	991.249
Ginglymostomatidae	Ginglymostoma sokotoense	57.6	13.754	5.657	6.7131	-0.1631	0.1665	5.4703	6.509	-0.8906	6.3609	995.955
Ginglymostomatidae	Ginglymostoma sokotoense	57.6	6.5	1.333	1.3219	-6.6268	-5.1569	-1.0449	1.2586	-7.4727	6.4278	1005.95
Ginglymostomatidae	Ginglymostoma sp.	39.501	41.477	1.388	3.8132	31.4047	-1.8838	39.5057	0.5362	34.3244	8.101	1036.394
Ginglymostomatidae	Ginglymostoma sp.	12.726	44.551	-0.87	-1.0778	39.4973	-2.0259	44.7043	-2.0906	41.1148	5.207	583.65
Ginglymostomatidae	Ginglymostoma sp.	13.796	52.799	8.642	7.0995	47.8227	7.2567	53.0147	6.0906	49.4727	5.192	577.65
Ginglymostomatidae	Ginglymostoma sp.	33.05	33.844	9.4	10.2268	23.9186	6.8349	30.7169	8.9552	26.0709	6.7983	824.585
Ginglymostomatidae	Ginglymostoma sp.	57.6	31.05	77.011	72.1688	-4.2844	67.9513	-2.8933	72.0335	-3.3947	1.3911	493.167
Ginglymostomatidae	Ginglymostoma sp.	31	21	57.004	53.1507	10.4553	50.3054	13.7256	52.9996	12.9408	3.2703	476.233
Ginglymostomatidae	Ginglymostoma sp.	56.531	6.591	1.5	1.5059	-6.5221	-4.8964	-0.8164	1.4483	-7.3023	6.4859	1005.099
Ginglymostomatidae	Ginglymostoma sp.	39.501	31.585	-87.591	-68.4352	30.485	-78.8805	32.1739	-71.0765	27.0737	5.1002	1011.166
Ginglymostomatidae	Ginglymostoma sp.	25.566	32.998	-80.149	-68.5133	30.0184	-74.7957	33.0917	-69.433	29.2317	3.86	686.764
Ginglymostomatidae	Ginglymostoma sp.	18.206	35.568	-76.486	-67.3789	32.7843	-72.5938	35.778	-68.2601	32.4842	3.2938	583.678
Ginglymostomatidae	Ginglymostoma sp.	54.99	32.069	-88.133	-61.5173	32.8148	-71.8814	34.5753	-61.8312	31.0571	3.5182	1018.201
Ginglymostomatidae	Ginglymostoma sp.	56.32	32.178	-88.81	-61.4794	33.3083	-71.9108	34.8631	-61.6838	31.689	3.1741	1015.096
Ginglymostomatidae	Ginglymostoma sp.	68.05	33.296	-94.113	-61.3307	38.0313	-72.2167	38.2355	-61.5705	36.3549	1.8806	966.157
Ginglymostomatidae	Ginglymostoma sp.	68.05	40.065	-74.523	-39.5354	38.7315	-50.2866	40.4509	-40.2564	37.1625	3.2884	943.899
Ginglymostomatidae	Ginglymostoma sp.	69.05	39.128	-76.687	-41.5171	38.5032	-52.0919	40.0093	-42.2531	36.8815	3.1278	927.344
Ginglymostomatidae	Ginglymostoma sp.	69.05	47.62	-100.541	-59.5939	53.1413	-72.493	53.3397	-59.9632	51.4118	1.9279	878.58
Ginglymostomatidae	Ginglymostoma sp.	88.05	31.264	-98.546	-59.2234	35.0101	-67.1502	33.1251	-59.1114	33.3341	1.885	760.771
Ginglymostomatidae	Ginglymostoma sp.	56.32	34.714	7.959	11.9513	20.3365	5.6803	26.0949	11.16	19.83	6.2649	904.502
Ginglymostomatidae	Ginglymostoma sp.	31	48.405	2.702	2.265	41.1892	-0.781	47.6715	0.3235	42.6439	6.4823	759.888
Ginglymostomatidae	Ginglymostoma sp.	49.15	49.54	3.414	6.8207	39.2414	0.605	45.51	4.4379	39.3082	6.2686	863.659
Ginglymostomatidae	Ginglymostoma sp.	68.05	32.239	-7.958	-0.7218	20.6141	-8.7036	24.4142	-1.5126	19.7612	4.653	922.465
Ginglymostomatidae	Ginglymostoma subafricanum	63.8	50.419	3.944	10.0662	39.649	1.6321	43.742	8.7931	38.9302	4.8118	835.758
Ginglymostomatidae	Ginglymostoma subafricanum	63.8	32.239	-7.958	-1.4384	20.419	-9.4337	24.926	-2.0694	19.4657	5.4603	970.318
Ginglymostomatidae	Ginglymostoma subafricanum	63.8	31.393	-9.413	-2.9409	19.914	-10.9616	24.3642	-3.5517	18.932	5.4322	974.356
Ginglymostomatidae	Ginglymostoma subafricanum	63.8	31.393	-9.413	-2.9409	19.914	-10.9616	24.3642	-3.5517	18.932	5.4322	974.356
Ginglymostomatidae	Ginglymostoma subafricanum	63.8	31.393	-9.413	-2.9409	19.914	-10.9616	24.3642	-3.5517	18.932	5.4322	974.356
Ginglymostomatidae	Ginglymostoma subafricanum	63.8	32.905	-6.925	-0.3599	20.8463	-8.3378	25.3922	-1.0071	19.9141	5.4781	966.933
Ginglymostomatidae	Ginglymostoma subafricanum	63.8	32.905	-6.925	-0.3599	20.8463	-8.3378	25.3922	-1.0071	19.9141	5.4781	966.933
Ginglymostomatidae	Ginglymostoma subafricanum	60.4	-5.14	12.08	10.2441	-19.9565	3.562	-14.6118	10.4397	-20.7741	6.1623	998.399
Ginglymostomatidae	Ginglymostoma subafricanum	63.8	35.205	-92.448	-60.7053	38.4254	-72.1475	38.9469	-60.7446	36.9778	1.9691	1024.866
Hemiscylliidae	Hemiscyllium bruxelliensis	51.9	50.774	4.421	8.0176	40.3844	1.7403	46.3505	5.9578	40.0733	6.27719999999999	835.008
Hemiscylliidae	Hemiscyllium bruxelliensis	44.4	50.85	4.428	6.891	40.6359	0.9987	47.8558	3.4098	42.3405	7.2199	929.458
Hemiscylliidae	Hemiscyllium bruxelliensis	44.4	51.967	-0.426	2.8391	41.688	-3.5949	48.9073	-0.8503	43.1288	7.2193	947.06
Hemiscylliidae	Hemiscyllium bruxelliensis	44.4	50.762	-0.859	2.4971	40.4803	-3.969	47.6977	-1.0572	41.9033	7.2174	953.835
Hemiscylliidae	Hemiscyllium hermani	63.8	55.255	12.379	16.8075	44.5767	9.0473	48.528	15.2605	44.0099	4.5181	739.053
Hemiscylliidae	Hemiscyllium hermani	63.8	55.255	12.379	16.8075	44.5767	9.0473	48.528	15.2605	44.0099	4.5181	739.053
Hemiscylliidae	Hemiscyllium hermani	63.8	55.255	12.379	16.8075	44.5767	9.0473	48.528	15.2605	44.0099	4.5181	739.053
Hemiscylliidae	Hemiscyllium hermani	63.8	55.255	12.379	16.8075	44.5767	9.0473	48.528	15.2605	44.0099	4.5181	739.053
Hemiscylliidae	Hemiscyllium hermani	63.8	56.974	8.756	13.8576	46.2332	5.9518	50.2526	12.2659	45.597	4.6556	737.276
Hemiscylliidae	Hemiscyllium hermani	74.25	49.521	-124.674	-83.518	60.4346	-96.9132	57.7717	-82.8662	59.0532	2.6629	831.759
Hemiscylliidae	Hemiscyllium hermani	68.05	55.281	12.439	18.2771	44.4808	10.2678	47.468	16.4169	44.1289	3.3391	703.445
Hemiscylliidae	Hemiscyllium hermani	74.25	51.979	7.407	15.0981	41.7362	9.7438	43.4309	13.593	41.4071	2.0238	478.031
Hemiscylliidae	Hemiscyllium hermani	74.25	51.98	7.312	15.0197	41.7368	9.6636	43.4367	13.515	41.4058	2.0309	478.374
Hemiscylliidae	Hemiscyllium hermani	74.25	53.423	8.467	15.9525	43.1854	10.7996	44.8177	14.3762	42.8769	1.9408	451.219
Hemiscylliidae	Hemiscyllium sp.	35.951	29.471	30.624	29.9606	18.0253	26.6078	24.7473	28.9823	21.681	6.722	821.36
Hemiscylliidae	Hemiscyllium sp.	39.501	33.844	9.4	11.3857	20.9328	6.2065	29.2858	9.3363	24.4684	8.353	1062.187
Hemiscylliidae	Hemiscyllium sp.	42.9	26.254	29.268	29.2905	12.1003	24.4454	19.471	28.2997	15.706	7.3707	966.582
Hemiscylliidae	Hemiscyllium sp.	44.4	30.632	31.939	31.8028	16.2546	27.1698	23.1819	30.6959	19.359	6.9273	907.503
Hemiscylliidae	Hemiscyllium sp.	68.05	14.559	-17.114	-14.113	5.9996	-21.5826	9.1995	-14.4879	4.8399	4.3596	920.124
Hemiscylliidae	Hemiscyllium sp.	51.9	32.959	-80.347	-55.4532	31.1669	-65.5181	33.9666	-56.1273	29.1473	4.8193	1038.757
Hemiscylliidae	Hemiscyllium sp.	74.25	34.967	-89.839	-54.0825	37.7907	-62.178	39.8831	-54.4772	36.3327	3.5504	781.523
Hemiscylliidae	Hemiscyllium sp.	69.05	31.167	36.942	37.5937	11.1426	30.4085	15.2356	36.9855	11.4336	4.093	900.763
Hemiscylliidae	Hemiscyllium sp.	71.1	31.167	36.942	37.7391	10.9123	30.9578	14.4545	37.1486	11.2431	3.5422	834.203
Hemiscylliidae	Hemiscyllium sp.	44.4	31.294	-8.073	-3.9551	19.7259	-10.4174	27.1474	-5.6802	20.7848	7.4215	1053.88
Hemiscylliidae	Hemiscyllium sp.	68.05	55.281	12.439	18.2771	44.4808	10.2678	47.468	16.4169	44.1289	3.3391	703.445
Hemiscylliidae	Hemiscyllium sp.	71.1	54.438	13.576	19.821	43.9027	12.8367	46.3165	17.9372	43.6839	2.6326	611.307
Hemiscylliidae	Hemiscyllium sp.	71.1	30.33	-9.411	-2.1679	19.2771	-9.4843	22.5994	-2.9414	18.4557	4.1437	845.039
Hemiscylliidae	Hemiscyllium sp.	74.25	39.326	-4.838	4.3756	28.6545	-1.9063	31.1628	3.4144	28.0702	3.0926	667.197
Hemiscylliidae	Hemiscyllium tailledisensis	39.501	43.688	-1.137	1.5359	33.5639	-4.7633	41.6024	-2.0623	36.2881	8.03850000000001	1050.732
Hemiscylliidae	Hemiscyllium tailledisensis	44.4	43.688	-1.137	2.3358	33.4049	-4.0729	40.6216	-0.4837	34.8411	7.2167	982.571
Hemiscylliidae	Hemiscyllium tailledisensis	44.4	45.338	-0.473	2.8908	35.0591	-3.4756	42.2788	-0.0804	36.5261	7.2197	973.653
Orectolobiformes incert. fam.	Heterophorcynus microdon	167.201	51.806	-1.228	23.7865	36.0471	9.1332	41.093	23.5974	35.8327	5.2603	1392.108
Ginglymostomatidae	Hologinglymostoma jaegeri	57.6	32.905	-6.925	-1.2503	20.7552	-8.2576	26.2902	-1.9076	19.8485	6.4417	965.175
Ginglymostomatidae	Hologinglymostoma sp.	56.531	6.591	1.5	1.5059	-6.5221	-4.8964	-0.8164	1.4483	-7.3023	6.4859	1005.099
Orectolobiformes incert. fam.	Magistrauia unicaplicata	137.05	43.956	3.808	31.77	29.7353	13.2578	34.8367	35.3866	27.9645	6.8722	2232.304
Mesiteiidae	Mesiteia emiliae	97.201	34.171	35.75	40.3449	12.5519	30.016	12.7605	39.3102	12.1681	0.5924	1122.214
Ginglymostomatidae	Nebrius bequaerti	63.8	31.393	-9.413	-2.9409	19.914	-10.9616	24.3642	-3.5517	18.932	5.4322	974.356
Ginglymostomatidae	Nebrius bequaerti	63.8	31.393	-9.413	-2.9409	19.914	-10.9616	24.3642	-3.5517	18.932	5.4322	974.356
Ginglymostomatidae	Nebrius bequaerti	63.8	31.393	-9.413	-2.9409	19.914	-10.9616	24.3642	-3.5517	18.932	5.4322	974.356
Ginglymostomatidae	Nebrius bequaerti	60.4	-5.14	12.08	10.2441	-19.9565	3.562	-14.6118	10.4397	-20.7741	6.1623	998.399
Ginglymostomatidae	Nebrius bequaerti	57.6	40.368	-107.544	-76.069	46.1181	-88.9571	45.9717	-75.7264	44.7249	1.3932	1044.836
Ginglymostomatidae	Nebrius obliquus	51.9	32.239	-7.958	-2.8819	20.4402	-9.5335	26.6198	-3.895	19.7539	6.8659	963.848
Ginglymostomatidae	Nebrius obliquus	51.9	32.905	-6.925	-1.8304	20.9235	-8.4406	27.1207	-2.8682	20.2739	6.8468	960.516
Ginglymostomatidae	Nebrius obliquus	51.9	32.905	-6.925	-1.8304	20.9235	-8.4406	27.1207	-2.8682	20.2739	6.8468	960.516
Ginglymostomatidae	Nebrius obliquus	51.9	32.905	-6.925	-1.8304	20.9235	-8.4406	27.1207	-2.8682	20.2739	6.8468	960.516
Ginglymostomatidae	Nebrius obliquus	51.9	32.905	-6.925	-1.8304	20.9235	-8.4406	27.1207	-2.8682	20.2739	6.8468	960.516
Ginglymostomatidae	Nebrius obliquus	51.9	32.905	-6.925	-1.8304	20.9235	-8.4406	27.1207	-2.8682	20.2739	6.8468	960.516
Ginglymostomatidae	Nebrius obliquus	44.4	32.159	-8.405	-4.0988	20.6258	-10.6012	28.0427	-5.8933	21.6728	7.4169	1053.246
Ginglymostomatidae	Nebrius obliquus	44.4	31.294	-8.073	-3.9551	19.7259	-10.4174	27.1474	-5.6802	20.7848	7.4215	1053.88
Ginglymostomatidae	Nebrius obliquus	33.05	33.844	9.4	10.2268	23.9186	6.8349	30.7169	8.9552	26.0709	6.7983	824.585
Ginglymostomatidae	Nebrius obliquus	44.951	30.033	31.283	31.256	15.5678	26.5082	22.4149	30.1898	18.4246	6.8471	907.726
Ginglymostomatidae	Nebrius obliquus	37.6	30.033	31.283	30.693	17.6794	26.9999	24.8448	29.5805	21.8351	7.1654	880.942
Ginglymostomatidae	Nebrius obliquus	42.9	31.138	29.971	29.9257	16.9846	25.3867	24.3157	28.6969	20.6143	7.3311	939.187
Ginglymostomatidae	Nebrius obliquus	42.9	26.254	29.268	29.2905	12.1003	24.4454	19.471	28.2997	15.706	7.3707	966.582
Ginglymostomatidae	Nebrius obliquus	44.4	37.994	13.657	16.0246	23.9743	10.8494	31.6668	14.1943	26.2718	7.6925	992.935
Ginglymostomatidae	Nebrius obliquus	56.32	34.714	7.959	11.9513	20.3365	5.6803	26.0949	11.16	19.83	6.2649	904.502
Ginglymostomatidae	Nebrius obliquus	44.4	-5.299	12.236	11.232	-18.913	5.366	-11.3264	12.0013	-16.8167	7.5866	1049.55
Ginglymostomatidae	Nebrius obliquus	42.9	-15.718	46.317	48.1026	-29.212	39.774	-22.5081	48.4526	-24.9192	6.7039	1116.67
Ginglymostomatidae	Nebrius obliquus	44.4	6.591	3.376	3.3981	-6.209	-2.3305	1.3636	3.4267	-4.6143	7.5726	1051.917
Ginglymostomatidae	Nebrius obliquus	44.4	6.591	3.376	3.3981	-6.209	-2.3305	1.3636	3.4267	-4.6143	7.5726	1051.917
Ginglymostomatidae	Nebrius obliquus	35.951	33.672	73.044	70.2128	18.0257	71.4435	20.3792	70.278	22.1172	4.0915	453.003
Ginglymostomatidae	Nebrius obliquus	51.9	14.475	-14.453	-12.5088	4.226	-18.9769	10.1543	-12.905	3.2216	6.9327	1018.801
Ginglymostomatidae	Nebrius obliquus	35.951	32.647	-83.435	-66.4072	30.4428	-75.6085	32.8106	-68.5465	27.9881	4.8225	911.214
Ginglymostomatidae	Nebrius obliquus	35.951	32.811	-83.173	-66.1155	30.5538	-75.3323	32.9578	-68.2709	28.1158	4.842	912.623
Ginglymostomatidae	Nebrius obliquus	39.501	31.585	-87.591	-68.4352	30.485	-78.8805	32.1739	-71.0765	27.0737	5.1002	1011.166
Ginglymostomatidae	Nebrius obliquus	39.501	31.583	-87.584	-68.4291	30.4815	-78.8737	32.1714	-71.0703	27.0707	5.1007	1011.152
Ginglymostomatidae	Nebrius obliquus	44.951	40.288	-74.158	-50.7332	36.1387	-61.7776	39.9514	-53.2563	34.0515	5.8999	1056.818
Ginglymostomatidae	Nebrius obliquus	48.65	31.91	-87.877	-64.6412	31.3293	-75.0239	33.4727	-65.5783	28.8984	4.5743	1032.685
Ginglymostomatidae	Nebrius obliquus	48.65	33.733	-86.588	-62.8192	32.7827	-73.4042	35.1177	-63.8409	30.3872	4.7305	1037.709
Ginglymostomatidae	Nebrius obliquus	44.4	31.91	-87.877	-66.4857	31.0523	-77.0299	33.001	-68.334	28.1484	4.8526	1018.746
Ginglymostomatidae	Nebrius sp.	63.8	55.255	12.379	16.8075	44.5767	9.0473	48.528	15.2605	44.0099	4.5181	739.053
Ginglymostomatidae	Nebrius sp.	31	48.405	2.702	2.265	41.1892	-0.781	47.6715	0.3235	42.6439	6.4823	759.888
Ginglymostomatidae	Nebrius sp.	35.951	29.264	30.023	29.4164	17.804	26.0236	24.5596	28.4349	21.4402	6.7556	826.677
Ginglymostomatidae	Nebrius sp.	35.951	29.264	30.023	29.4164	17.804	26.0236	24.5596	28.4349	21.4402	6.7556	826.677
Ginglymostomatidae	Nebrius sp.	35.951	29.471	30.624	29.9606	18.0253	26.6078	24.7473	28.9823	21.681	6.722	821.36
Ginglymostomatidae	Nebrius sp.	39.501	46.803	22.996	18.2897	35.4652	20.0689	41.4226	15.1414	39.4309	5.9574	679.251
Ginglymostomatidae	Nebrius sp.	39.501	33.844	9.4	11.3857	20.9328	6.2065	29.2858	9.3363	24.4684	8.353	1062.187
Ginglymostomatidae	Nebrius sp.	19.501	-0.773	-47.177	-41.1947	-6.0694	-43.1718	-0.7469	-41.1119	-5.7958	5.3225	628.199
Ginglymostomatidae	Nebrius sp.	15.45	11.851	-71.326	-68.2083	6.8063	-68.5075	11.1925	-68.4414	6.4462	4.7463	524.996
Ginglymostomatidae	Nebrius sp.	10.534	0.001	-76.66	-73.6646	-1.8862	-74.5259	-0.4794	-73.6288	-2.5338	2.0544	248.132
Ginglymostomatidae	Nebrius sp.	39.501	25.048	75.778	71.0841	6.8175	69.6879	9.8125	70.9215	12.1026	5.2851	584.831
Ginglymostomatidae	Nebrius sp.	53.501	24.351	74.91	70.1888	-5.4447	65.1392	-3.3331	70.033	-3.9536	2.1116	607.146
Ginglymostomatidae	Nebrius sp.	19.501	35.362	137.254	135.7376	40.8122	134.6862	39.3179	136.7117	40.5922	1.4943	223.541
Ginglymostomatidae	Nebrius sp.	14.182	28.833	69	66.1368	22.8755	69.6884	24.5444	66.5167	24.4031	1.6689	406.599
Ginglymostomatidae	Nebrius sp.	44.4	8.78	1.02	1.3317	-3.7584	-4.4233	3.7868	1.2116	-2.3004	7.5452	1051.627
Ginglymostomatidae	Nebrius sp.	35.951	34.652	-80.689	-63.2809	31.8881	-72.6873	34.6387	-65.6156	29.6155	5.0232	927.55
Ginglymostomatidae	Nebrius sp.	54.99	32.069	-88.133	-61.5173	32.8148	-71.8814	34.5753	-61.8312	31.0571	3.5182	1018.201
Ginglymostomatidae	Nebrius sp.	56.32	32.178	-88.81	-61.4794	33.3083	-71.9108	34.8631	-61.6838	31.689	3.1741	1015.096
Ginglymostomatidae	Nebrius sp.	57.6	33.583	-79.413	-51.5353	32.2698	-61.6994	34.7178	-51.7943	30.7734	3.9444	1025.533
Ginglymostomatidae	Nebrius sp.	68.05	33.296	-94.113	-61.3307	38.0313	-72.2167	38.2355	-61.5705	36.3549	1.8806	966.157
Ginglymostomatidae	Nebrius sp.	17.131	9.3	-64.352	-58.7779	5.035	-61.1566	8.7691	-58.9483	4.9445	3.8246	489.508
Ginglymostomatidae	Nebrius thielensi	51.9	51.015	3.259	7.0444	40.6023	0.6729	46.5846	4.9767	40.2552	6.3294	839.921
Ginglymostomatidae	Nebrius thielensi	51.9	51.015	3.259	7.0444	40.6023	0.6729	46.5846	4.9767	40.2552	6.3294	839.921
Ginglymostomatidae	Nebrius thielensi	51.9	51.012	3.24	7.0288	40.599	0.6556	46.5815	4.9614	40.2513	6.3302	840.039
Ginglymostomatidae	Nebrius thielensi	51.9	50.64	4.667	8.2278	40.2558	1.9678	46.2181	6.1749	39.9525	6.2656	834.474
Ginglymostomatidae	Nebrius thielensi	44.4	50.847	4.352	6.8279	40.6314	0.9274	47.8516	3.3458	42.3321	7.2202	929.833
Ginglymostomatidae	Nebrius thielensi	44.4	48.747	2.202	5.0992	38.4961	-1.0295	45.7208	1.8144	40.0941	7.2247	948.499
Ginglymostomatidae	Nebrius thielensi	44.4	50.762	-0.859	2.4971	40.4803	-3.969	47.6977	-1.0572	41.9033	7.2174	953.835
Ginglymostomatidae	Nebrius thielensi	49.15	49.54	3.414	6.8207	39.2414	0.605	45.51	4.4379	39.3082	6.2686	863.659
Ginglymostomatidae	Nebrius thielensi	39.501	32.329	-83.114	-63.9579	30.2454	-74.3225	32.5784	-66.729	27.1659	5.4125	1018.47
Ginglymostomatidae	Nebrius thielensi	51.9	32.959	-80.347	-55.4532	31.1669	-65.5181	33.9666	-56.1273	29.1473	4.8193	1038.757
Ginglymostomatidae	Nebrius thielensi	52.85	38.421	-77.457	-50.2902	35.8227	-60.8887	38.984	-51.0685	33.9483	5.0357	1041.631
Hemiscylliidae	Notoramphoscyllium woodwardi	41.75	-64.239	-56.603	-71.2019	-66.3745	-60.1813	-63.8269	-62.1671	-69.5081	5.6812	639.517
Hemiscylliidae	Notoramphoscyllium woodwardi	51.75	-64.239	-56.603	-69.0798	-65.4286	-63.4776	-63.4497	-68.8343	-67.5697	4.12	521.562
Orectolobiformes incert. fam.	Orecto gen. nov.1 standhardtae	63.8	36.786	-108.687	-76.5156	44.3179	-89.1874	43.4806	-76.1481	42.9887	1.3292	1059.506
Orectolobiformes incert. fam.	Orecto gen. nov.2 muftius	164.601	53.146	-1.021	23.6948	37.1616	8.9677	42.9103	23.4351	37.3876	5.7487	1406.981
Orectolobiformes incert. fam.	Orectolobiformes indet. sp.	154.701	50.608	-2.114	26.3969	32.367	7.5819	41.6139	25.0642	34.6819	9.2469	1957.782
Orectolobidae	Orectoloboides angulatus	95.05	53.529	-102.152	-49.9305	56.6877	-59.5258	52.7597	-49.7878	54.3554	3.928	756.168
Orectolobidae	Orectoloboides multistriatus	97.201	33.049	-2	9.1201	22.817	-1.7121	19.3025	7.8509	21.188	3.5145	1190.685
Orectolobidae	Orectoloboides multistriatus	94.701	28.357	28.863	33.279	9.9816	23.3341	8.8758	32.4572	9.2811	1.1058	1098.975
Orectolobidae	Orectoloboides parvulus	106.75	50.514	2.258	22.5676	41.8528	7.4168	39.7081	24.0089	41.1758	2.1447	1414.903
Orectolobidae	Orectoloboides parvulus	111.6	48.637	4.947	27.2711	39.5433	12.1	38.1702	30.4803	38.6343	1.3731	1603.672
Orectolobidae	Orectoloboides parvulus	111.6	54.154	-0.24	22.6446	44.9436	7.7471	43.6537	26.5077	44.2934	1.2899	1503.778
Orectolobidae	Orectoloboides parvulus	108.9	48.637	4.947	26.1183	39.7836	10.8943	38.0178	28.6994	39.0396	1.7658	1554.219
Orectolobidae	Orectoloboides parvulus	105.351	51.079	1.179	20.8543	42.5466	5.7393	40.1366	21.4577	41.8087	2.41	1334.059
Orectolobidae	Orectoloboides parvulus	104.05	55.509	25.074	39.9129	48.1249	23.8532	45.6479	39.3852	47.3423	2.477	1252.113
Orectolobidae	Orectoloboides reyndersi	39.501	43.688	-1.137	1.5359	33.5639	-4.7633	41.6024	-2.0623	36.2881	8.03850000000001	1050.732
Orectolobidae	Orectoloboides reyndersi	44.4	43.688	-1.137	2.3358	33.4049	-4.0729	40.6216	-0.4837	34.8411	7.2167	982.571
Orectolobidae	Orectoloboides sp.	25.566	48.658	13.789	11.4762	42.81	11.0929	48.5499	10.4212	44.1368	5.7399	638.658
Orectolobidae	Orectoloboides sp.	25.566	45.901	-123.152	-107.8852	48.5935	-114.32	45.5926	-108.6791	47.0426	3.0009	591.276
Orectolobidae	Orectoloboides sp.	95.851	38.897	-98.798	-53.256	42.0571	-62.547	37.8453	-53.2565	39.6885	4.2118	920.661
Orectolobidae	Orectolobus gippslandicus	22.035	-37.736	148.431	152.0229	-44.4457	147.3611	-49.8563	150.7338	-44.8896	5.4106	697.403
Orectolobidae	Orectolobus gippslandicus	4.467	-34.451	140.57	141.2451	-35.6772	139.8142	-37.6067	140.531	-35.9891	1.9295	249.432
Orectolobidae	Orectolobus sp.	19.501	-38.086	144.269	147.0785	-44.0368	142.4474	-49.2637	145.9503	-44.4635	5.2269	680.348
Orectolobidae	Orectolobus ziegenhinei	44.4	31.91	-87.877	-66.4857	31.0523	-77.0299	33.001	-68.334	28.1484	4.8526	1018.746
Brachaeluridae	Ornatoscyllium freemani	167.201	50.713	-2.772	23.1767	34.6757	8.0025	39.9145	22.9945	34.4597	5.4548	1463.183
Brachaeluridae	Ornatoscyllium glashoffi	119.65	52.374	9.739	33.6413	42.9439	19.0164	42.3218	37.0905	41.1472	1.7967	1506.455
Brachaeluridae	Ornatoscyllium pattersoni	164.601	53.146	-1.021	23.6948	37.1616	8.9677	42.9103	23.4351	37.3876	5.7487	1406.981
Brachaeluridae	Ornatoscyllium rugasimulatum	137.05	43.956	3.808	31.77	29.7353	13.2578	34.8367	35.3866	27.9645	6.8722	2232.304
Brachaeluridae	Ornatoscyllium rugasimulatum	137.05	47.246	12.234	37.9006	22.9555	21.0691	32.9422	40.6719	20.6886	12.2536	2368.156
Brachaeluridae	Ornatoscyllium sp.	160.2	50.452	19.521	40.547	38.7343	26.3539	42.2636	40.3987	39.8476	3.5293	1263.541
Brachaeluridae	Ornatoscyllium sp.	178.95	49.479	6.085	26.4716	37.4137	15.9004	38.1478	28.1304	40.3186	2.9049	1082.139
Brachaeluridae	Palaeobrachaelurus alisonae	164.601	51.752	-1.258	24.154	35.8097	8.9313	41.5091	23.9077	36.0383	5.6994	1465.469
Brachaeluridae	Palaeobrachaelurus alisonae	178.95	49.559	5.742	26.1795	37.3678	15.6027	38.1828	27.8247	40.2785	2.9107	1079.689
Brachaeluridae	Palaeobrachaelurus alisonae	178.95	49.479	6.085	26.4716	37.4137	15.9004	38.1478	28.1304	40.3186	2.9049	1082.139
Brachaeluridae	Palaeobrachaelurus aperizostus	172.25	52.237	9.874	30.0608	39.9197	18.3769	41.5936	30.4013	40.1127	1.6739	1026.29
Brachaeluridae	Palaeobrachaelurus aperizostus	178.95	52.237	9.874	27.1854	41.0213	18.1954	41.3428	29.0039	43.9103	2.889	930.572
Brachaeluridae	Palaeobrachaelurus aperizostus	178.95	49.479	6.085	26.4716	37.4137	15.9004	38.1478	28.1304	40.3186	2.9049	1082.139
Brachaeluridae	Palaeobrachaelurus bedfordensis	164.601	51.752	-1.258	24.154	35.8097	8.9313	41.5091	23.9077	36.0383	5.6994	1465.469
Brachaeluridae	Palaeobrachaelurus mitchelli	128.55	54.154	-0.24	25.9914	41.9195	10.4817	44.572	30.3759	40.0138	4.5582	1711.987
Brachaeluridae	Palaeobrachaelurus mussetti	167.201	50.713	-2.772	23.1767	34.6757	8.0025	39.9145	22.9945	34.4597	5.4548	1463.183
Brachaeluridae	Palaeobrachaelurus sp.	119.65	51.096	1.166	26.658	41.2279	11.9542	40.9307	30.1131	39.8609	1.367	1543.451
Brachaeluridae	Palaeobrachaelurus sp.	154.701	49.625	-1.645	26.9471	31.4512	8.032	40.6434	25.6791	33.7884	9.1922	1979.916
Brachaeluridae	Palaeobrachaelurus sp.	160.2	50.452	19.521	40.547	38.7343	26.3539	42.2636	40.3987	39.8476	3.5293	1263.541
Brachaeluridae	Palaeobrachaelurus sp.	164.601	53.811	14.965	34.5389	41.7011	21.9334	44.7046	34.2782	41.9851	3.0035	1076.118
Brachaeluridae	Palaeobrachaelurus sp.	167.201	50.787	19.029	38.9015	40.546	26.0345	41.8436	38.6499	40.378	1.4656	1087.898
Brachaeluridae	Palaeobrachaelurus sp.	169.3	49.454	6.029	29.8691	35.8834	15.617	38.949	29.6854	35.3161	3.6329	1311.848
Brachaeluridae	Palaeobrachaelurus sp.	172.25	52.237	9.874	30.0608	39.9197	18.3769	41.5936	30.4013	40.1127	1.6739	1026.29
Brachaeluridae	Palaeobrachaelurus sp.	164.601	51.53	46.035	59.1703	49.58	48.8289	46.3262	58.9996	49.9553	3.6291	856.755
Brachaeluridae	Palaeobrachaelurus sp.	164.601	51.53	46.035	59.1703	49.58	48.8289	46.3262	58.9996	49.9553	3.6291	856.755
Orectolobiformes incert. fam.	Palaeocarcharias stromeri	149.9	43.689	6.457	35.2047	25.4578	15.1523	35.5074	33.8181	29.3682	10.0496	2217.875
Orectolobiformes incert. fam.	Palaeocarcharias stromeri	149.9	46.048	-1.412	28.7086	27.1043	8.0859	37.6131	26.9851	30.6435	10.5088	2256.268
Orectolobiformes incert. fam.	Palaeocarcharias stromeri	149.9	48.897	10.998	37.7425	31.1102	18.6997	40.9097	36.0657	35.1415	9.7995	2025.218
Orectolobiformes incert. fam.	Palaeocarcharias stromeri	154.701	39.73	-8.799	15.8519	25.9697	1.4095	34.0737	14.6666	27.8448	8.104	1654.978
Orectolobiformes incert. fam.	Palaeocarcharias stromeri	142.201	49.289	17.516	42.2781	34.9719	24.3896	41.0396	45.4001	34.0473	6.9923	2005.888
Orectolobiformes incert. fam.	Palaeorectolobus agomphius	149.9	48.919	11.873	38.3982	31.2386	19.4565	40.9758	36.7421	35.3023	9.7372	2012.152
Rhincodontidae	Palaeorhincodon daouii	57.6	32.905	-6.925	-1.2503	20.7552	-8.2576	26.2902	-1.9076	19.8485	6.4417	965.175
Rhincodontidae	Palaeorhincodon dartevellei	51.9	32.905	-6.925	-1.8304	20.9235	-8.4406	27.1207	-2.8682	20.2739	6.8468	960.516
Rhincodontidae	Palaeorhincodon dartevellei	51.9	32.239	-7.958	-2.8819	20.4402	-9.5335	26.6198	-3.895	19.7539	6.8659	963.848
Rhincodontidae	Palaeorhincodon dartevellei	51.9	32.905	-6.925	-1.8304	20.9235	-8.4406	27.1207	-2.8682	20.2739	6.8468	960.516
Rhincodontidae	Palaeorhincodon dartevellei	51.9	32.905	-6.925	-1.8304	20.9235	-8.4406	27.1207	-2.8682	20.2739	6.8468	960.516
Rhincodontidae	Palaeorhincodon dartevellei	56.32	34.714	7.959	11.9513	20.3365	5.6803	26.0949	11.16	19.83	6.2649	904.502
Rhincodontidae	Palaeorhincodon sp.	57.6	31.167	36.942	36.5179	13.0773	30.3915	17.9847	35.9536	13.0922	4.9074	852.345
Rhincodontidae	Palaeorhincodon sp.	44.4	8.78	1.02	1.3317	-3.7584	-4.4233	3.7868	1.2116	-2.3004	7.5452	1051.627
Rhincodontidae	Palaeorhincodon sp.	39.501	32.329	-83.114	-63.9579	30.2454	-74.3225	32.5784	-66.729	27.1659	5.4125	1018.47
Rhincodontidae	Palaeorhincodon sp.	51.9	32.959	-80.347	-55.4532	31.1669	-65.5181	33.9666	-56.1273	29.1473	4.8193	1038.757
Rhincodontidae	Palaeorhincodon wardi	51.9	51.015	3.259	7.0444	40.6023	0.6729	46.5846	4.9767	40.2552	6.3294	839.921
Rhincodontidae	Palaeorhincodon wardi	51.9	51.012	3.24	7.0288	40.599	0.6556	46.5815	4.9614	40.2513	6.3302	840.039
Rhincodontidae	Palaeorhincodon wardi	51.9	50.64	4.667	8.2278	40.2558	1.9678	46.2181	6.1749	39.9525	6.2656	834.474
Rhincodontidae	Palaeorhincodon wardi	44.4	50.85	4.428	6.891	40.6359	0.9987	47.8558	3.4098	42.3405	7.2199	929.458
Rhincodontidae	Palaeorhincodon wardi	44.4	50.881	4.473	6.9272	40.6677	1.0399	47.8874	3.4432	42.3746	7.2197	929.113
Rhincodontidae	Palaeorhincodon wardi	44.4	51.967	-0.426	2.8391	41.688	-3.5949	48.9073	-0.8503	43.1288	7.2193	947.06
Rhincodontidae	Palaeorhincodon wardi	44.4	50.762	-0.859	2.4971	40.4803	-3.969	47.6977	-1.0572	41.9033	7.2174	953.835
Rhincodontidae	Palaeorhincodon wardi	49.15	49.54	3.414	6.8207	39.2414	0.605	45.51	4.4379	39.3082	6.2686	863.659
Rhincodontidae	Palaeorhincodon wardi	42.9	42	64	59.8559	37.349	59.0359	41.5129	59.1453	41.8172	4.4682	499.826
Rhincodontidae	Palaeorhincodon wardi	52.85	38.421	-77.457	-50.2902	35.8227	-60.8887	38.984	-51.0685	33.9483	5.0357	1041.631
Brachaeluridae	Paraginglymostoma bloti	69.05	53.823	9.035	15.801	43.0827	7.6977	46.0021	13.9645	42.7011	3.301	720.603
Orectolobiformes incert. fam.	Parahemiscyllium underwoodwardi	137.05	43.956	3.808	31.77	29.7353	13.2578	34.8367	35.3866	27.9645	6.8722	2232.304
Parascylliidae	Pararhincodon crochardi	74.25	50.476	4.006	12.2749	40.2354	6.6745	42.12	10.8519	39.837	2.28299999999999	514.287
Parascylliidae	Pararhincodon crochardi	74.25	48.772	3.891	12.1607	38.5321	6.3686	40.4299	10.8084	38.1317	2.2982	540.905
Parascylliidae	Pararhincodon crochardi	74.25	48.772	3.891	12.1607	38.5321	6.3686	40.4299	10.8084	38.1317	2.2982	540.905
Parascylliidae	Pararhincodon crochardi	82.1	49.993	1.877	11.2331	40.3345	4.127	40.217	10.1102	39.7667	0.567799999999998	604.348
Parascylliidae	Pararhincodon crochardi	82.1	49.508	4.081	13.0949	39.8503	5.9537	39.6678	11.9722	39.3182	0.5321	612.125
Parascylliidae	Pararhincodon crochardi	82.1	51.489	-2.504	7.5791	41.8643	0.575	41.8741	6.4407	41.2281	0.646000000000001	581.321
Parascylliidae	Pararhincodon crochardi	82.1	51.489	-2.504	7.5791	41.8643	0.575	41.8741	6.4407	41.2281	0.646000000000001	581.321
Parascylliidae	Pararhincodon crochardi	84.701	49.797	3.508	13.306	40.5051	5.0904	39.9216	12.0118	39.7129	0.792200000000001	702.11
Parascylliidae	Pararhincodon crochardi	84.701	51.545	-0.683	9.7664	42.2528	1.6611	41.7594	8.4537	41.3859	0.866900000000001	673.442
Parascylliidae	Pararhincodon crochardi	84.951	52.029	0.86	11.1413	42.7712	2.936	42.1966	9.776	41.9067	0.8645	677.381
Parascylliidae	Pararhincodon crochardi	92.15	50.324	3.741	16.2886	42.0129	4.5116	40.1979	14.3779	40.7184	1.815	1008.733
Parascylliidae	Pararhincodon germaini	39.501	43.688	-1.137	1.5359	33.5639	-4.7633	41.6024	-2.0623	36.2881	8.03850000000001	1050.732
Parascylliidae	Pararhincodon germaini	44.4	43.688	-1.137	2.3358	33.4049	-4.0729	40.6216	-0.4837	34.8411	7.2167	982.571
Parascylliidae	Pararhincodon germaini	44.4	45.338	-0.473	2.8908	35.0591	-3.4756	42.2788	-0.0804	36.5261	7.2197	973.653
Parascylliidae	Pararhincodon groessensi	63.8	55.255	12.379	16.8075	44.5767	9.0473	48.528	15.2605	44.0099	4.5181	739.053
Parascylliidae	Pararhincodon groessensi	63.8	55.255	12.379	16.8075	44.5767	9.0473	48.528	15.2605	44.0099	4.5181	739.053
Parascylliidae	Pararhincodon groessensi	63.8	55.255	12.379	16.8075	44.5767	9.0473	48.528	15.2605	44.0099	4.5181	739.053
Parascylliidae	Pararhincodon groessensi	68.05	55.281	12.439	18.2771	44.4808	10.2678	47.468	16.4169	44.1289	3.3391	703.445
Parascylliidae	Pararhincodon groessensi	68.05	53.689	9.16	15.6571	42.8772	7.4137	45.9412	13.9021	42.4523	3.4889	739.118
Parascylliidae	Pararhincodon lehmani	105.351	51.079	1.179	20.8543	42.5466	5.7393	40.1366	21.4577	41.8087	2.41	1334.059
Parascylliidae	Pararhincodon lehmani	97.201	34.171	35.75	40.3449	12.5519	30.016	12.7605	39.3102	12.1681	0.5924	1122.214
Parascylliidae	Pararhincodon lehmani	98.35	32.698	-97.211	-52.4563	35.6888	-61.7341	30.5843	-52.6397	33.1134	5.1045	1033.595
Parascylliidae	Pararhincodon ornatus	74.25	43.67	-1.11	7.7756	33.4917	1.3792	35.6803	6.6374	32.9866	2.6937	634.911
Parascylliidae	Pararhincodon ornatus	74.25	51.979	7.407	15.0981	41.7362	9.7438	43.4309	13.593	41.4071	2.0238	478.031
Parascylliidae	Pararhincodon ornatus	74.25	51.98	7.312	15.0197	41.7368	9.6636	43.4367	13.515	41.4058	2.0309	478.374
Parascylliidae	Pararhincodon ornatus	74.25	53.423	8.467	15.9525	43.1854	10.7996	44.8177	14.3762	42.8769	1.9408	451.219
Parascylliidae	Pararhincodon ornatus	82.1	49.79	3.64	12.7207	40.1312	5.5977	39.9615	11.592	39.5918	0.539400000000001	607.978
Parascylliidae	Pararhincodon ornatus	82.1	50.882	-1.344	8.5354	41.2439	1.4911	41.2205	7.4077	40.6254	0.618499999999997	590.433
Parascylliidae	Pararhincodon ornatus	82.1	51.489	-2.504	7.5791	41.8643	0.575	41.8741	6.4407	41.2281	0.646000000000001	581.321
Parascylliidae	Pararhincodon ornatus	82.1	51.489	-2.504	7.5791	41.8643	0.575	41.8741	6.4407	41.2281	0.646000000000001	581.321
Parascylliidae	Pararhincodon ornatus	82.1	51.447	-1.345	8.5469	41.8088	1.5381	41.7844	7.4007	41.1904	0.618400000000001	582.375
Parascylliidae	Pararhincodon ornatus	84.701	49.797	3.508	13.306	40.5051	5.0904	39.9216	12.0118	39.7129	0.792200000000001	702.11
Parascylliidae	Pararhincodon ornatus	84.701	51.545	-0.683	9.7664	42.2528	1.6611	41.7594	8.4537	41.3859	0.866900000000001	673.442
Parascylliidae	Pararhincodon ornatus	84.701	51.447	-1.345	9.2088	42.1586	1.1037	41.6798	7.9073	41.2804	0.8782	674.206
Parascylliidae	Pararhincodon ornatus	84.951	52.029	0.86	11.1413	42.7712	2.936	42.1966	9.776	41.9067	0.8645	677.381
Parascylliidae	Pararhincodon ornatus	92.15	49.597	4.325	16.8261	41.2999	5.0206	39.4789	14.9419	40.022	1.821	1021.697
Parascylliidae	Pararhincodon sp.	63.8	56.974	8.756	13.8576	46.2332	5.9518	50.2526	12.2659	45.597	4.6556	737.276
Parascylliidae	Pararhincodon sp.	63.8	55.569	12.899	17.2053	44.9022	9.4927	48.8431	15.6392	44.3445	4.4986	732.65
Parascylliidae	Pararhincodon sp.	98.35	52.128	0.037	16.0327	43.9996	1.5957	40.9517	13.4595	42.5696	3.0479	1232.646
Parascylliidae	Pararhincodon sp.	98.35	52.128	0.037	16.0327	43.9996	1.5957	40.9517	13.4595	42.5696	3.0479	1232.646
Parascylliidae	Pararhincodon sp.	104.05	52.939	0.49	19.4727	44.5222	4.3897	41.8575	19.2715	43.6726	2.6647	1259.312
Parascylliidae	Pararhincodon sp.	104.05	54.154	-0.24	18.8122	45.7251	3.7554	43.0597	18.6191	44.8752	2.6654	1233.628
Parascylliidae	Pararhincodon sp.	57.6	50.533	3.174	7.8447	39.863	0.998	45.2548	6.5427	39.1487	6.1061	820.9
Parascylliidae	Pararhincodon sp.	71.1	54.438	13.576	19.821	43.9027	12.8367	46.3165	17.9372	43.6839	2.6326	611.307
Parascylliidae	Pararhincodon sp.	35.951	29.264	30.023	29.4164	17.804	26.0236	24.5596	28.4349	21.4402	6.7556	826.677
Parascylliidae	Pararhincodon sp.	35.951	29.471	30.624	29.9606	18.0253	26.6078	24.7473	28.9823	21.681	6.722	821.36
Parascylliidae	Pararhincodon sp.	35.951	31.167	31.167	30.4025	19.7345	27.1948	26.4253	29.3651	23.4047	6.6908	810.481
Parascylliidae	Pararhincodon sp.	42.9	26.254	29.268	29.2905	12.1003	24.4454	19.471	28.2997	15.706	7.3707	966.582
Parascylliidae	Pararhincodon sp.	57.6	31.167	36.942	36.5179	13.0773	30.3915	17.9847	35.9536	13.0922	4.9074	852.345
Parascylliidae	Pararhincodon sp.	97.201	40.571	-108.597	-62.0246	45.6678	-72.7302	41.3085	-61.6453	43.2956	4.3593	991.039
Parascylliidae	Pararhincodon sp.	69.05	31.264	-98.546	-66.2131	37.371	-76.8004	37.1872	-66.393	35.6437	1.7273	948.488
Parascylliidae	Pararhincodon sp.	77.85	34.198	-79.767	-43.5134	33.8616	-50.4771	35.4617	-43.9448	32.7056	2.7561	675.761
Parascylliidae	Pararhincodon sp.	77.85	31.264	-98.546	-62.9385	36.0518	-70.3112	37.1851	-63.1036	34.8407	2.3444	699.65
Parascylliidae	Pararhincodon sp.	90.601	35.487	-106.201	-64.6018	40.4457	-72.7163	37.9764	-64.1801	38.6512	2.4693	752.176
Parascylliidae	Pararhincodon sp.	88.05	54.953	-5.928	6.4225	46.1627	-2.9444	45.1356	4.8338	44.8711	1.2916	738.582
Parascylliidae	Pararhincodon sp.	94.701	50.324	3.741	17.5217	42.1411	4.3462	39.9582	15.3589	40.8373	2.1829	1132.662
Parascylliidae	Pararhincodon ypresiensis	51.9	51.015	3.259	7.0444	40.6023	0.6729	46.5846	4.9767	40.2552	6.3294	839.921
Parascylliidae	Pararhincodon ypresiensis	51.9	51.012	3.24	7.0288	40.599	0.6556	46.5815	4.9614	40.2513	6.3302	840.039
Parascylliidae	Pararhincodon ypresiensis	51.9	50.64	4.667	8.2278	40.2558	1.9678	46.2181	6.1749	39.9525	6.2656	834.474
Parascylliidae	Pararhincodon ypresiensis	51.9	51.636	0.846	5.0305	41.1869	-1.5389	47.1966	2.9396	40.7655	6.43109999999999	848.908
Parascylliidae	Parascyllium sp.	44.4	43.688	-1.137	2.3358	33.4049	-4.0729	40.6216	-0.4837	34.8411	7.2167	982.571
Orectolobiformes incert. fam.	Phorcynis catulina	148.55	48.897	10.998	37.6367	31.6929	18.712	40.8046	36.8053	34.9333	9.1117	1972.372
Orectolobiformes incert. fam.	Phorcynis catulina	148.55	48.947	11.404	37.9347	31.7902	19.0586	40.8745	37.1102	35.0395	9.0843	1965.552
Orectolobiformes incert. fam.	Phorcynis catulina	154.701	45.787	5.542	33.2816	28.6208	14.4833	37.0578	32.3152	31.1896	8.437	1987.973
Orectolobiformes incert. fam.	Phorcynis sp.	149.9	46.042	-1.403	28.7163	27.099	8.0941	37.6073	26.9934	30.6386	10.5083	2256.302
Orectolobiformes incert. fam.	Phorcynis sp.	160.2	39.621	-0.91	20.4786	23.4962	8.2416	30.6053	20.2909	24.43	7.1091	1445.635
Ginglymostomatidae	Plicatoscyllium antiquum	74.8	-12.91	14.036	9.4919	-28.08	3.5109	-25.2004	10.0026	-28.516	3.3156	742.207
Ginglymostomatidae	Plicatoscyllium antiquum	68.05	33.296	-94.113	-61.3307	38.0313	-72.2167	38.2355	-61.5705	36.3549	1.8806	966.157
Ginglymostomatidae	Plicatoscyllium antiquum	69.05	34.831	-77.816	-44.4832	34.8127	-54.7188	36.1356	-45.1036	33.1623	2.97329999999999	940.637
Ginglymostomatidae	Plicatoscyllium antiquum	69.05	39.128	-76.687	-41.5171	38.5032	-52.0919	40.0093	-42.2531	36.8815	3.1278	927.344
Ginglymostomatidae	Plicatoscyllium derameei	68.05	33.296	-94.113	-61.3307	38.0313	-72.2167	38.2355	-61.5705	36.3549	1.8806	966.157
Ginglymostomatidae	Plicatoscyllium derameei	69.05	35.205	-92.448	-58.3949	39.3649	-69.2304	39.7188	-58.754	37.6374	2.0814	939.832
Ginglymostomatidae	Plicatoscyllium derameei	69.05	34.831	-77.816	-44.4832	34.8127	-54.7188	36.1356	-45.1036	33.1623	2.97329999999999	940.637
Ginglymostomatidae	Plicatoscyllium derameei	69.05	39.128	-76.687	-41.5171	38.5032	-52.0919	40.0093	-42.2531	36.8815	3.1278	927.344
Ginglymostomatidae	Plicatoscyllium derameei	69.05	47.62	-100.541	-59.5939	53.1413	-72.493	53.3397	-59.9632	51.4118	1.9279	878.58
Ginglymostomatidae	Plicatoscyllium derameei	71.1	38.725	-105.608	-69.3904	46.1458	-80.2497	46.1162	-69.4828	44.4499	1.6959	864.074
Ginglymostomatidae	Plicatoscyllium gharbii	68.05	32.239	-7.958	-0.7218	20.6141	-8.7036	24.4142	-1.5126	19.7612	4.653	922.465
Ginglymostomatidae	Plicatoscyllium gharbii	68.05	32.239	-7.958	-0.7218	20.6141	-8.7036	24.4142	-1.5126	19.7612	4.653	922.465
Ginglymostomatidae	Plicatoscyllium gharbii	68.05	32.239	-7.958	-0.7218	20.6141	-8.7036	24.4142	-1.5126	19.7612	4.653	922.465
Ginglymostomatidae	Plicatoscyllium gharbii	71.1	32.239	-7.958	-0.3096	20.739	-7.6328	24.115	-1.1362	19.9658	4.1492	841.31
Ginglymostomatidae	Plicatoscyllium gharbii	71.1	32.239	-7.958	-0.3096	20.739	-7.6328	24.115	-1.1362	19.9658	4.1492	841.31
Ginglymostomatidae	Plicatoscyllium globidens	74.25	49.521	-124.674	-83.518	60.4346	-96.9132	57.7717	-82.8662	59.0532	2.6629	831.759
Ginglymostomatidae	Plicatoscyllium globidens	71.1	40.471	-74.012	-37.6765	38.9161	-47.3276	40.8448	-38.5192	37.3797	3.4651	852.872
Ginglymostomatidae	Plicatoscyllium globidens	71.1	40.471	-74.012	-37.6765	38.9161	-47.3276	40.8448	-38.5192	37.3797	3.4651	852.872
Ginglymostomatidae	Plicatoscyllium globidens	74.25	43.233	-106.311	-66.711	49.9959	-76.2699	51.5103	-66.8219	48.5254	2.9849	753.378
Ginglymostomatidae	Plicatoscyllium globidens	74.25	34.967	-89.839	-54.0825	37.7907	-62.178	39.8831	-54.4772	36.3327	3.5504	781.523
Ginglymostomatidae	Plicatoscyllium globidens	74.25	39.541	-75.74	-38.7171	38.212	-46.3243	40.8344	-39.4028	36.8621	3.9723	744.914
Ginglymostomatidae	Plicatoscyllium globidens	77.85	31.52	-84.869	-49.3894	32.6783	-56.4226	34.1553	-49.7352	31.4913	2.664	692.188
Ginglymostomatidae	Plicatoscyllium globidens	77.85	34.628	-78.563	-42.2137	33.9505	-49.1547	35.5756	-42.663	32.8029	2.7727	672.601
Ginglymostomatidae	Plicatoscyllium lehneri	68.05	32.905	-6.925	0.3699	21.0143	-7.6	24.8558	-0.4387	20.1887	4.6671	921.258
Ginglymostomatidae	Plicatoscyllium lehneri	68.05	32.239	-7.958	-0.7218	20.6141	-8.7036	24.4142	-1.5126	19.7612	4.653	922.465
Ginglymostomatidae	Plicatoscyllium lehneri	68.05	32.239	-7.958	-0.7218	20.6141	-8.7036	24.4142	-1.5126	19.7612	4.653	922.465
Ginglymostomatidae	Plicatoscyllium lehneri	68.05	31.393	-9.413	-2.2402	20.1469	-10.2404	23.8869	-3.0089	19.2563	4.6306	923.742
Ginglymostomatidae	Plicatoscyllium lehneri	68.05	42.4	-2.35	6.1857	31.348	-2.3674	34.5085	5.004	30.6696	3.8389	872.97
Ginglymostomatidae	Plicatoscyllium lehneri	69.05	31.173	-7.336	-0.3306	19.4857	-8.1809	23.1363	-1.125	18.6637	4.4726	909.02
Ginglymostomatidae	Plicatoscyllium lehneri	69.05	-2.981	23.822	22.2155	-19.9818	15.3818	-15.781	22.5777	-20.1392	4.3582	901.813
Ginglymostomatidae	Plicatoscyllium lehneri	69.05	10.747	-61.084	-37.1991	6.146	-45.1943	7.9043	-37.5353	4.577	3.3273	923.883
Ginglymostomatidae	Plicatoscyllium minutum	68.05	32.239	-7.958	-0.7218	20.6141	-8.7036	24.4142	-1.5126	19.7612	4.653	922.465
Ginglymostomatidae	Plicatoscyllium minutum	68.05	31.393	-9.413	-2.2402	20.1469	-10.2404	23.8869	-3.0089	19.2563	4.6306	923.742
Ginglymostomatidae	Plicatoscyllium minutum	69.05	50.703	4.991	12.4501	39.9901	4.0292	43.0003	10.7981	39.5131	3.4872	778.101
Ginglymostomatidae	Plicatoscyllium minutum	69.05	32.905	-6.925	0.5424	21.0511	-7.3541	24.7333	-0.304	20.2517	4.4816	906.763
Ginglymostomatidae	Plicatoscyllium minutum	69.05	50.851	5.691	13.0318	40.1302	4.6445	43.1257	11.3685	39.6699	3.4558	773.58
Ginglymostomatidae	Plicatoscyllium sp.	68.05	32.239	-7.958	-0.7218	20.6141	-8.7036	24.4142	-1.5126	19.7612	4.653	922.465
Ginglymostomatidae	Plicatoscyllium sp.	77.85	45.667	0.097	9.262	35.7498	2.9188	36.6561	8.2558	35.3338	1.32230000000001	579.138
Ginglymostomatidae	Plicatoscyllium sp.	69.05	32.017	36.043	36.9922	12.1233	29.8205	16.2298	36.3531	12.3959	4.1065	897.471
Ginglymostomatidae	Plicatoscyllium sp.	71.1	31.167	31.167	33.3985	12.9493	26.8871	16.6446	32.7431	13.1516	3.6953	811.347
Ginglymostomatidae	Plicatoscyllium sp.	71.1	31.167	36.942	37.7391	10.9123	30.9578	14.4545	37.1486	11.2431	3.5422	834.203
Ginglymostomatidae	Plicatoscyllium sp.	71.1	34.64	39.049	40.1941	13.9853	33.5463	17.4539	39.5123	14.3861	3.4686	809.185
Ginglymostomatidae	Plicatoscyllium sp.	71.1	34.64	39.049	40.1941	13.9853	33.5463	17.4539	39.5123	14.3861	3.4686	809.185
Ginglymostomatidae	Plicatoscyllium sp.	74.8	32.556	35.849	37.2774	12.249	31.7781	14.4067	36.7425	12.4872	2.1577	641.791
Ginglymostomatidae	Plicatoscyllium sp.	69.05	-31.761	-71.319	-54.017	-34.4829	-58.7802	-33.7707	-54.1068	-36.196	2.4253	504.359
Ginglymostomatidae	Plicatoscyllium youssoufiaense	68.05	32.905	-6.925	0.3699	21.0143	-7.6	24.8558	-0.4387	20.1887	4.6671	921.258
Ginglymostomatidae	Plicatoscyllium youssoufiaense	68.05	32.239	-7.958	-0.7218	20.6141	-8.7036	24.4142	-1.5126	19.7612	4.653	922.465
Ginglymostomatidae	Plicatoscyllium youssoufiaense	68.05	32.239	-7.958	-0.7218	20.6141	-8.7036	24.4142	-1.5126	19.7612	4.653	922.465
Ginglymostomatidae	Plicatoscyllium youssoufiaense	68.05	32.239	-7.958	-0.7218	20.6141	-8.7036	24.4142	-1.5126	19.7612	4.653	922.465
Ginglymostomatidae	Plicatoscyllium youssoufiaense	68.05	31.393	-9.413	-2.2402	20.1469	-10.2404	23.8869	-3.0089	19.2563	4.6306	923.742
Ginglymostomatidae	Plicatoscyllium youssoufiaense	68.05	14.559	-17.114	-14.113	5.9996	-21.5826	9.1995	-14.4879	4.8399	4.3596	920.124
Ginglymostomatidae	Protoginglymostoma sp.	44.4	31.294	-8.073	-3.9551	19.7259	-10.4174	27.1474	-5.6802	20.7848	7.4215	1053.88
Ginglymostomatidae	Protoginglymostoma ypresiensis	51.9	50.812	4.318	7.9305	40.4202	1.6453	46.3878	5.8689	40.1058	6.282	835.345
Ginglymostomatidae	Protoginglymostoma ypresiensis	51.9	51.015	3.259	7.0444	40.6023	0.6729	46.5846	4.9767	40.2552	6.3294	839.921
Ginglymostomatidae	Protoginglymostoma ypresiensis	51.9	50.64	4.667	8.2278	40.2558	1.9678	46.2181	6.1749	39.9525	6.2656	834.474
Ginglymostomatidae	Protoginglymostoma ypresiensis	51.9	46.603	1.888	6.0359	36.1689	-0.5487	42.1667	4.2375	35.7898	6.3769	875.312
Ginglymostomatidae	Protoginglymostoma ypresiensis	51.9	32.959	-80.347	-55.4532	31.1669	-65.5181	33.9666	-56.1273	29.1473	4.8193	1038.757
Ginglymostomatidae	Pseudoginglymostoma erguitaense	71.1	30.33	-9.411	-2.1679	19.2771	-9.4843	22.5994	-2.9414	18.4557	4.1437	845.039
Ginglymostomatidae	Pseudoginglymostoma idiri	68.05	32.905	-6.925	0.3699	21.0143	-7.6	24.8558	-0.4387	20.1887	4.6671	921.258
Ginglymostomatidae	Pseudoginglymostoma idiri	69.05	32.905	-6.925	0.5424	21.0511	-7.3541	24.7333	-0.304	20.2517	4.4816	906.763
Ginglymostomatidae	Pseudoginglymostoma sp.	50	-64.239	-56.603	-69.6407	-65.7248	-63.2009	-63.3755	-69.0147	-68.0754	4.6999	587.485
Ginglymostomatidae	Pseudoginglymostoma sp.	51.75	-64.239	-56.603	-69.0798	-65.4286	-63.4776	-63.4497	-68.8343	-67.5697	4.12	521.562
Hemiscylliidae	Pseudospinax heterodon	98.35	52.128	0.037	16.0327	43.9996	1.5957	40.9517	13.4595	42.5696	3.0479	1232.646
Hemiscylliidae	Pseudospinax heterodon	98.35	54.154	-0.24	15.7138	46.0199	1.2683	42.9699	12.9999	44.5749	3.05	1195.944
Hemiscylliidae	Pseudospinax heterodon	104.05	52.939	0.49	19.4727	44.5222	4.3897	41.8575	19.2715	43.6726	2.6647	1259.312
Hemiscylliidae	Pseudospinax heterodon	104.05	54.154	-0.24	18.8122	45.7251	3.7554	43.0597	18.6191	44.8752	2.6654	1233.628
Hemiscylliidae	Pseudospinax heterodon	104.05	54.154	-0.24	18.8122	45.7251	3.7554	43.0597	18.6191	44.8752	2.6654	1233.628
Hemiscylliidae	Pseudospinax heterodon	104.05	54.154	-0.24	18.8122	45.7251	3.7554	43.0597	18.6191	44.8752	2.6654	1233.628
Hemiscylliidae	Pseudospinax heterodon	105.351	51.079	1.179	20.8543	42.5466	5.7393	40.1366	21.4577	41.8087	2.41	1334.059
Hemiscylliidae	Pseudospinax pusillus	97.201	52.052	8.399	22.6203	44.1072	8.2936	41.3763	19.9962	42.9485	2.7309	1209.934
Hemiscylliidae	Pseudospinax sp.	164.601	50.452	19.521	39.8664	40.0099	26.4498	41.8265	39.6436	40.3188	1.8166	1146.821
Orectolobidae	Restesia americana	69.05	49.189	-113.201	-71.9756	58.0767	-85.7674	57.3804	-71.7992	56.3691	1.7076	857.584
Orectolobidae	Restesia americana	68.05	47.678	-106.235	-65.888	54.7858	-79.3471	54.5703	-65.9324	53.1165	1.6693	896.232
Orectolobidae	Restesia americana	68.05	48.578	-114.152	-73.918	57.7672	-88.7463	57.0002	-73.5889	56.1349	1.6323	934.82
Orectolobidae	Restesia americana	68.3	40.677	-105.853	-69.7313	48.2236	-81.8728	47.7703	-69.715	46.5529	1.6707	930.765
Orectolobidae	Restesia americana	68.3	43.032	-104.642	-67.12	50.0793	-79.6	49.7995	-67.1724	48.3988	1.6805	919.7
Orectolobidae	Restesia americana	68.3	41.791	-107.243	-70.6009	49.6404	-82.9577	49.1178	-70.5421	47.9737	1.6667	924.418
Orectolobidae	Restesia americana	77.85	37.288	-111.767	-74.2278	45.1241	-83.5504	46.0022	-74.1521	43.9435	2.0587	775.325
Orectolobidae	Restesia americana	77.85	29.956	-104.404	-69.384	36.3023	-76.8516	37.249	-69.452	35.1031	2.1459	706.746
Orectolobidae	Restesia nordquistae	68.05	44.647	-100.349	-61.7842	50.3605	-74.419	50.4694	-61.9979	48.6843	1.7851	918.83
Rhincodontidae	Rhincodon ferriolensis	18.206	37.61	-0.927	-1.4552	31.8766	-2.3964	37.6414	-2.0079	32.9549	5.7648	645.294
Rhincodontidae	Rhincodon sp.	14.896	43.449	3.615	2.8597	38.2473	2.3102	43.5986	2.0828	39.7198	5.35129999999999	596.071
Rhincodontidae	Rhincodon sp.	7.104	10.04	-83.545	-82.1315	9.4838	-82.3669	9.8735	-82.3916	8.7844	1.0891	120.489
Rhincodontidae	Rhincodon sp.	23.1	-1.815	-80.757	-73.7406	-6.3141	-76.0428	-3.3293	-73.6499	-6.9884	3.6591	483.831
Rhincodontidae	Rhincodon sp.	25.566	32.998	-80.149	-68.5133	30.0184	-74.7957	33.0917	-69.433	29.2317	3.86	686.764
Rhincodontidae	Rhincodon sp.	18.206	35.568	-76.486	-67.3789	32.7843	-72.5938	35.778	-68.2601	32.4842	3.2938	583.678
Rhincodontidae	Rhincodon typus	25.566	23.659	-102.008	-91.4236	23.7549	-97.1332	24.4815	-91.9532	22.4549	2.0266	585.937
Rhincodontidae	Rhincodon typus	3.961	30.034	-115.143	-111.5634	29.6884	-113.8732	29.8492	-111.8642	28.9453	0.9039	224.085
Rhincodontidae	Rhincodon typus	28.636	40.22	-74.012	-60.1266	36.1338	-67.585	39.9223	-61.5422	35.326	4.5963	777.8
Orectolobidae	Squatiscyllium casieri	51.9	32.905	-6.925	-1.8304	20.9235	-8.4406	27.1207	-2.8682	20.2739	6.8468	960.516
Orectolobidae	Squatiscyllium nigeriensis	53.501	24.351	74.91	70.1888	-5.4447	65.1392	-3.3331	70.033	-3.9536	2.1116	607.146
Orectolobidae	Squatiscyllium nigeriensis	57.6	24.351	74.91	68.8778	-10.4234	63.7822	-8.473	68.8829	-9.6028	1.9504	599.704
Orectolobidae	Squatiscyllium nigeriensis	57.6	16.158	5.328	6.7704	2.2612	0.2119	7.8948	6.5108	1.5343	6.3605	991.249
Orectolobidae	Squatiscyllium nigeriensis	57.6	13.754	5.657	6.7131	-0.1631	0.1665	5.4703	6.509	-0.8906	6.3609	995.955
Orectolobidae	Squatiscyllium sp.	44.4	31.294	-8.073	-3.9551	19.7259	-10.4174	27.1474	-5.6802	20.7848	7.4215	1053.88
Orectolobidae	Squatiscyllium sp.	51.9	14.475	-14.453	-12.5088	4.226	-18.9769	10.1543	-12.905	3.2216	6.9327	1018.801
Stegostomatidae	Stegostoma sp.	35.951	29.264	30.023	29.4164	17.804	26.0236	24.5596	28.4349	21.4402	6.7556	826.677
Stegostomatidae	Stegostoma sp.	35.951	29.264	30.023	29.4164	17.804	26.0236	24.5596	28.4349	21.4402	6.7556	826.677
Stegostomatidae	Stegostoma sp.	35.951	29.471	30.624	29.9606	18.0253	26.6078	24.7473	28.9823	21.681	6.722	821.36
Stegostomatidae	Stegostoma sp.	31	21	57.004	53.1507	10.4553	50.3054	13.7256	52.9996	12.9408	3.2703	476.233
Stegostomatidae	Stegostoma tethysiensis	39.501	33.844	9.4	11.3857	20.9328	6.2065	29.2858	9.3363	24.4684	8.353	1062.187
